order_id,date,time,order_type,branch_code,order_items,order_price,customer_lat,customer_lon,customerHasloyalty?,distance_to_customer_KM,delivery_fee
ORDB00336,2018-11-27,18:59:09,Dinner,TP,"[('Fish&Chips', 9), ('Shrimp', 2), ('Pasta', 5)]",560.5,-37.8161861,145.0129418,0,12.129000000000001,16.1442102
ORDJ03182,2018-03-30,10:52:23,Breakfast,TP,"[('Coffee', 6), ('Cereal', 1)]",66.0,-37.81024620000001,144.96134990000002,0,8.501,11.384186
ORDJ00175,2018-08-08,15:16:03,Lunch,TP,"[('Burger', 7), ('Steak', 4)]",397.0,-37.8064414,144.94132869999999,0,10.325,13.0825625
ORDB01865,2018-11-04,18:08:27,Dinner,TP,"[('Pasta', 2), ('Shrimp', 1)]",109.0,-37.8187505,144.9530398,0,8.552,14.3292384
ORDY03961,2018-11-16,18:38:52,Dinner,TP,"[('Shrimp', 10), ('Salmon', 3)]",663.0,-37.7998114,144.95834240000002,0,9.783999999999999,14.016848199999998
ORDB03699,2018-10-10,17:17:44,Dinner,TP,"[('Fish&Chips', 5), ('Salmon', 10), ('Pasta', 1), ('Shrimp', 7)]",990.5,-37.8197652,144.99895990000002,0,10.572000000000001,14.4072436
ORDY04052,2018-05-24,12:43:56,Lunch,TP,"[('Burger', 3), ('Fries', 8), ('Salad', 5)]",275.0,-37.8128407,144.9398968,0,10.152999999999999,13.020443400000001
ORDJ00763,2018-01-28,08:50:42,Breakfast,TP,"[('Eggs', 8), ('Coffee', 10), ('Cereal', 7), ('Pancake', 5)]",519.25,-37.8169685,144.961547,0,7.985,12.4865702
ORDY07697,2018-04-09,11:12:40,Breakfast,TP,"[('Cereal', 2), ('Coffee', 9), ('Pancake', 7)]",279.25,-37.7989968,144.97788219999998,0,10.311,13.1000619
ORDY02830,2018-02-04,09:00:50,Breakfast,TP,"[('Eggs', 2), ('Pancake', 10), ('Coffee', 4)]",316.5,-37.817335899999996,144.9915902,0,9.887,14.226049900000001
ORDJ02422,2018-04-26,11:43:05,Breakfast,TP,"[('Coffee', 7), ('Cereal', 9), ('Eggs', 3)]",307.5,-37.81836320000001,144.9670753,0,7.68,10.832873699999999
ORDB06776,2018-10-14,17:27:53,Dinner,TP,"[('Fish&Chips', 9), ('Salmon', 9)]",684.0,-37.8154662,144.9916158,0,10.056000000000001,15.2963953
ORDB07125,2018-03-15,10:21:58,Breakfast,TP,"[('Cereal', 9), ('Pancake', 10)]",431.5,-37.8130849,144.9670666,0,8.341000000000001,10.595469
ORDJ07059,2018-02-18,09:31:16,Breakfast,TP,"[('Cereal', 8), ('Pancake', 5)]",289.25,-37.815473499999996,144.9921706,0,10.107999999999999,14.3425631
ORDB02581,2018-12-07,19:19:26,Dinner,TP,"[('Fish&Chips', 8), ('Shrimp', 10), ('Pasta', 3)]",902.5,-37.8178354,144.95738480000003,0,8.298,12.375086099999999
ORDY05185,2018-08-23,15:46:28,Lunch,TP,"[('Burger', 6), ('Fries', 8), ('Salad', 6), ('Chicken', 6)]",577.2,-37.801083899999995,144.9530168,0,9.866,13.796505800000002
ORDY09568,2018-02-04,09:00:50,Breakfast,TP,"[('Eggs', 7), ('Coffee', 10), ('Cereal', 9), ('Pancake', 7)]",587.75,-37.8070145,144.9550915,0,9.232999999999999,13.362569500000001
ORDJ06653,2018-01-30,08:50:42,Breakfast,TP,"[('Eggs', 5), ('Cereal', 5)]",215.0,-37.8231264,144.9780934,0,8.259,11.1604496
ORDJ05748,2018-10-27,17:58:18,Dinner,TP,"[('Fish&Chips', 9), ('Salmon', 9)]",684.0,-37.8155895,144.9545846,0,8.557,14.260696900000001
ORDB10859,2018-09-03,16:06:45,Dinner,TP,"[('Fish&Chips', 6), ('Salmon', 7), ('Shrimp', 10), ('Pasta', 6)]",1202.0,-37.807236700000004,144.9495695,0,9.568999999999999,14.32223
ORDY03299,2018-01-18,08:30:25,Breakfast,TP,"[('Pancake', 5), ('Cereal', 1), ('Eggs', 3)]",208.25,-37.799821,144.9630497,1,9.809,6.1283465999999995
ORDJ08464,2018-04-22,11:43:05,Breakfast,TP,"[('Pancake', 8), ('Coffee', 5), ('Cereal', 5)]",336.5,-37.818862100000004,144.9534438,0,8.508,12.792187400000001
ORDJ05908,2018-04-23,11:43:05,Breakfast,TP,"[('Pancake', 5), ('Eggs', 9), ('Cereal', 2), ('Coffee', 1)]",368.75,-37.818737799999994,144.95324130000003,0,8.527999999999999,11.468239599999999
ORDB02061,2018-08-11,15:16:03,Lunch,TP,"[('Chicken', 3), ('Fries', 1), ('Burger', 6), ('Steak', 3)]",429.0,-37.818149,144.9523633,0,9.677,15.1912039
ORDB10971,2018-10-18,17:38:01,Dinner,TP,"[('Pasta', 2), ('Fish&Chips', 7)]",300.0,-37.803578,144.9539284,0,9.634,13.7381484
ORDB03982,2018-03-06,10:01:41,Breakfast,TP,"[('Coffee', 5), ('Eggs', 3), ('Cereal', 5), ('Pancake', 4)]",305.5,-37.81321989999999,144.95148419999998,0,9.064,11.342471000000002
ORDJ09739,2018-08-09,15:16:03,Lunch,TP,"[('Chicken', 7), ('Fries', 4), ('Burger', 4), ('Salad', 1)]",413.2,-37.807411,144.9395382,0,10.306,13.572149800000002
ORDB05106,2018-12-21,19:39:43,Dinner,TP,"[('Pasta', 7), ('Shrimp', 9), ('Fish&Chips', 1), ('Salmon', 2)]",795.5,-37.805506799999996,144.955431,0,9.369,13.371732999999999
ORDJ06741,2018-03-30,10:52:23,Breakfast,TP,"[('Cereal', 9), ('Pancake', 10), ('Coffee', 2), ('Eggs', 3)]",512.5,-37.800787,144.957445,0,9.62,12.308023
ORDJ02315,2018-08-16,15:26:11,Lunch,TP,"[('Salad', 1), ('Steak', 2)]",107.2,-37.8096028,144.98887480000002,0,10.06,13.756144599999999
ORDJ04990,2018-02-03,09:00:50,Breakfast,TP,"[('Cereal', 9), ('Coffee', 8)]",249.0,-37.8216112,144.9613432,0,7.4670000000000005,12.0568925
ORDB03877,2018-02-13,09:21:07,Breakfast,TP,"[('Cereal', 4), ('Pancake', 1), ('Eggs', 6)]",240.25,-37.811338899999996,145.00858190000002,0,11.781,13.672674300000002
ORDJ05624,2018-09-01,15:56:37,Lunch,TP,"[('Salad', 10), ('Steak', 3)]",307.0,-37.81668629999999,144.954276,0,8.516,13.462043099999999
ORDB11085,2018-07-11,14:15:12,Lunch,TP,"[('Salad', 4), ('Burger', 8), ('Steak', 10), ('Chicken', 8), ('Fries', 6)]",1094.8,-37.803208000000005,144.9738755,0,9.78,12.9662671
ORDY07719,2018-11-01,18:08:27,Dinner,TP,"[('Shrimp', 6), ('Pasta', 7), ('Salmon', 9)]",885.5,-37.8011342,144.97424130000002,0,10.015,13.699550899999998
ORDY03521,2018-11-29,18:59:09,Dinner,TP,"[('Pasta', 1), ('Fish&Chips', 8)]",307.5,-37.8127226,145.014345,0,12.370999999999999,16.1907514
ORDY02238,2018-04-27,11:53:14,Breakfast,TP,"[('Cereal', 1), ('Eggs', 2)]",65.0,-37.8101638,144.9668186,0,8.727,11.4211061
ORDB08462,2018-12-14,19:29:34,Dinner,TP,"[('Salmon', 6), ('Pasta', 2), ('Shrimp', 10)]",841.0,-37.8178636,144.9322179,0,10.777999999999999,14.5937541
ORDB04320,2018-07-08,14:15:12,Lunch,TP,"[('Burger', 2), ('Salad', 10)]",234.0,-37.8211049,144.955026,0,8.185,12.7719972
ORDB08884,2018-08-21,15:36:20,Lunch,TP,"[('Salad', 10), ('Fries', 8), ('Burger', 3), ('Steak', 5), ('Chicken', 8)]",842.0,-37.8199577,144.9684242,0,7.571,11.436469099999998
ORDJ03347,2018-05-08,12:13:31,Lunch,TP,"[('Fries', 5), ('Steak', 5), ('Salad', 8), ('Burger', 6)]",608.6,-37.8042104,144.9717005,0,9.812999999999999,13.189953099999999
ORDJ00874,2018-09-11,16:16:54,Dinner,TP,"[('Shrimp', 3), ('Pasta', 6), ('Fish&Chips', 7), ('Salmon', 9)]",941.0,-37.8064749,144.9413413,0,10.29,14.1468554
ORDB00510,2018-11-09,18:18:35,Dinner,TP,"[('Shrimp', 10), ('Salmon', 1)]",581.0,-37.818057,144.9676608,0,7.711,12.013580099999999
ORDJ09853,2018-05-19,12:33:48,Lunch,TP,"[('Steak', 10), ('Chicken', 2), ('Salad', 3)]",565.6,-37.804216100000005,144.95954440000003,0,9.235,14.1178612
ORDY07894,2018-10-12,17:27:53,Dinner,TP,"[('Fish&Chips', 2), ('Pasta', 8), ('Salmon', 10)]",700.0,-37.811164899999994,144.9899736,0,10.023,13.8340013
ORDY09626,2018-09-10,16:16:54,Dinner,TP,"[('Pasta', 10), ('Fish&Chips', 10)]",625.0,-37.8161813,144.9640438,0,7.787000000000001,11.743965
ORDY03736,2018-06-17,13:24:30,Lunch,TP,"[('Fries', 5), ('Chicken', 8)]",316.0,-37.8117265,144.9297369,0,11.929,16.0346124
ORDJ09675,2018-09-01,15:56:37,Lunch,TP,"[('Fries', 2), ('Burger', 3), ('Salad', 8), ('Chicken', 3), ('Steak', 4)]",530.6,-37.8170071,144.95313190000002,0,8.626,13.360628899999998
ORDJ07388,2018-07-10,14:15:12,Lunch,TP,"[('Salad', 10), ('Steak', 8), ('Fries', 7), ('Burger', 9)]",895.0,-37.824387,144.982992,0,8.872,12.1848071
ORDB08476,2018-06-26,13:44:47,Lunch,TP,"[('Fries', 10), ('Steak', 8), ('Chicken', 4)]",608.0,-37.8110185,145.000558,0,11.05,13.9915546
ORDY05701,2018-10-29,17:58:18,Dinner,TP,"[('Shrimp', 4), ('Pasta', 8)]",436.0,-37.8203466,144.96908380000002,0,7.391,11.7280609
ORDJ07111,2018-04-11,11:12:40,Breakfast,TP,"[('Coffee', 7), ('Cereal', 10)]",262.5,-37.8039339,144.9920078,0,10.909,13.3433878
ORDJ00271,2018-08-22,15:46:28,Lunch,TP,"[('Chicken', 9), ('Fries', 3), ('Salad', 3)]",375.6,-37.8110631,144.9503575,0,9.308,13.0325924
ORDJ08069,2018-11-03,18:08:27,Dinner,TP,"[('Salmon', 5), ('Shrimp', 4), ('Pasta', 3), ('Fish&Chips', 2)]",573.5,-37.811543900000004,144.95206530000002,0,9.11,15.089873499999998
ORDY10610,2018-09-20,16:37:10,Dinner,TP,"[('Fish&Chips', 9), ('Salmon', 3), ('Shrimp', 10)]",978.0,-37.8192067,144.96516630000002,0,7.377000000000001,11.6851643
ORDB00271,2018-01-17,08:30:25,Breakfast,TP,"[('Coffee', 2), ('Pancake', 8), ('Eggs', 8)]",385.0,-37.8064151,144.9560738,1,9.275,5.667256200000001
ORDB07613,2018-08-19,15:36:20,Lunch,TP,"[('Chicken', 10), ('Steak', 6), ('Fries', 4), ('Burger', 9)]",917.0,-37.8034431,144.9464528,0,10.08,14.561906200000001
ORDY06721,2018-07-22,14:45:38,Lunch,TP,"[('Fries', 8), ('Chicken', 10), ('Steak', 5), ('Salad', 8), ('Burger', 3)]",871.6,-37.8237935,144.98268240000002,0,8.67,13.5215477
ORDB10834,2018-06-07,13:14:21,Lunch,TP,"[('Steak', 1), ('Salad', 1)]",62.2,-37.8155763,144.95799480000002,0,8.272,11.9860882
ORDY07247,2018-08-21,15:36:20,Lunch,TP,"[('Chicken', 7), ('Fries', 2), ('Salad', 8), ('Steak', 10)]",835.6,-37.812476200000006,144.9940134,0,10.526,13.724963399999998
ORDY02771,2018-01-03,08:00:00,Breakfast,TP,"[('Cereal', 2), ('Pancake', 7), ('Eggs', 5)]",321.75,-37.7998201,145.01479719999998,1,13.515,8.115890499999999
ORDY01416,2018-10-21,17:38:01,Dinner,TP,"[('Salmon', 9), ('Pasta', 9), ('Shrimp', 7), ('Fish&Chips', 3)]",1099.5,-37.819514700000006,144.98277119999997,0,9.102,14.888416399999999
ORDY02743,2018-09-10,16:16:54,Dinner,TP,"[('Salmon', 9), ('Pasta', 7), ('Shrimp', 8)]",993.5,-37.8099961,144.99523200000002,0,10.615,14.356309099999999
ORDY07420,2018-05-04,12:03:22,Lunch,TP,"[('Burger', 7), ('Steak', 3), ('Salad', 2), ('Chicken', 7)]",610.4,-37.8136209,144.9441466,0,9.702,13.0369694
ORDJ04726,2018-09-23,16:47:19,Dinner,TP,"[('Shrimp', 3), ('Salmon', 8), ('Fish&Chips', 4), ('Pasta', 9)]",877.5,-37.8141146,144.93882390000002,0,10.661,15.480299599999999
ORDY02362,2018-02-14,09:21:07,Breakfast,TP,"[('Cereal', 10), ('Coffee', 2), ('Eggs', 3)]",291.0,-37.824432200000004,144.9757989,0,8.289,11.1999898
ORDJ08736,2018-04-05,11:02:32,Breakfast,TP,"[('Eggs', 7), ('Pancake', 1), ('Coffee', 5)]",215.75,-37.817944,144.96349030000002,0,7.812,10.5415379
ORDB08461,2018-04-25,11:43:05,Breakfast,TP,"[('Pancake', 8), ('Cereal', 3), ('Eggs', 6), ('Coffee', 3)]",411.5,-37.818755100000004,144.95323,0,8.533,11.080729
ORDY03025,2018-10-21,17:38:01,Dinner,TP,"[('Shrimp', 7), ('Fish&Chips', 8), ('Pasta', 4), ('Salmon', 8)]",1096.0,-37.8233768,144.969933,0,7.984,13.473066500000002
ORDY02929,2018-04-26,11:43:05,Breakfast,TP,"[('Cereal', 8), ('Pancake', 3), ('Coffee', 2)]",255.75,-37.8182336,144.9652288,0,7.528,10.7500619
ORDY07429,2018-12-23,19:49:51,Dinner,TP,"[('Salmon', 7), ('Shrimp', 5), ('Fish&Chips', 10), ('Pasta', 7)]",1099.5,-37.805403000000005,144.95214130000002,0,9.536,15.1573
ORDB02990,2018-10-21,17:38:01,Dinner,TP,"[('Salmon', 7), ('Shrimp', 2)]",395.0,-37.8177144,144.9549266,0,8.411,13.9715294
ORDY02969,2018-07-26,14:45:38,Lunch,TP,"[('Fries', 4), ('Chicken', 2), ('Salad', 3), ('Steak', 5)]",388.6,-37.81202929999999,144.944515,0,10.116,13.428912
ORDJ08254,2018-07-03,14:05:04,Lunch,TP,"[('Salad', 5), ('Burger', 3)]",179.0,-37.8096043,144.96368049999998,0,8.648,11.912709800000002
ORDB06005,2018-01-04,08:00:00,Breakfast,TP,"[('Coffee', 7), ('Eggs', 4)]",140.5,-37.8028191,144.9363952,1,10.901,6.4090210999999995
ORDJ04423,2018-11-08,18:18:35,Dinner,TP,"[('Salmon', 7), ('Shrimp', 4), ('Fish&Chips', 4), ('Pasta', 4)]",753.0,-37.809247,144.9836651,0,9.626,13.700184599999998
ORDY07636,2018-05-11,12:13:31,Lunch,TP,"[('Fries', 3), ('Salad', 1), ('Chicken', 6), ('Burger', 10)]",555.2,-37.8046549,145.0019024,0,11.674000000000001,14.557592699999999
ORDB10920,2018-05-03,12:03:22,Lunch,TP,"[('Salad', 1), ('Steak', 8), ('Burger', 5)]",532.2,-37.816865299999996,144.9656426,0,7.747000000000001,11.6068589
ORDJ00378,2018-02-19,09:31:16,Breakfast,TP,"[('Eggs', 10), ('Cereal', 1), ('Coffee', 5)]",278.5,-37.8157144,144.9381885,0,10.357999999999999,13.039730699999998
ORDY10772,2018-07-04,14:05:04,Lunch,TP,"[('Burger', 7), ('Salad', 1), ('Steak', 5), ('Fries', 2)]",483.2,-37.817887299999995,144.94664719999997,0,9.331,13.0222415
ORDY03657,2018-09-16,16:37:10,Dinner,TP,"[('Shrimp', 6), ('Pasta', 8)]",544.0,-37.8058744,144.9783731,0,9.671,14.7240038
ORDJ10033,2018-03-01,09:51:32,Breakfast,TP,"[('Cereal', 9), ('Eggs', 10)]",409.0,-37.7998519,144.993109,0,11.343,13.597070800000001
ORDY00374,2018-07-11,14:15:12,Lunch,TP,"[('Salad', 8), ('Fries', 9), ('Burger', 2)]",307.6,-37.82131079999999,144.9688757,0,7.726,11.6725703
ORDB02627,2018-12-25,19:49:51,Dinner,TP,"[('Pasta', 6), ('Fish&Chips', 6), ('Salmon', 7), ('Shrimp', 9)]",1148.0,-37.816697600000005,144.9319125,0,10.888,14.820325899999998
ORDB09261,2018-12-19,19:39:43,Dinner,TP,"[('Shrimp', 2), ('Fish&Chips', 9), ('Salmon', 7), ('Pasta', 3)]",792.5,-37.814969899999994,144.92757759999998,0,11.798,15.4545205
ORDY01038,2018-02-20,09:31:16,Breakfast,TP,"[('Eggs', 5), ('Cereal', 4), ('Pancake', 5), ('Coffee', 3)]",337.75,-37.823372799999994,144.9673207,0,7.81,10.5305395
ORDB02802,2018-12-20,19:39:43,Dinner,TP,"[('Salmon', 1), ('Fish&Chips', 7), ('Pasta', 2)]",341.0,-37.817045799999995,144.9321406,0,10.777000000000001,14.500048999999999
ORDB01546,2018-10-03,17:07:36,Dinner,TP,"[('Shrimp', 8), ('Salmon', 4), ('Fish&Chips', 5), ('Pasta', 8)]",991.0,-37.8025394,144.9632757,0,9.516,14.210553699999998
ORDB00078,2018-11-12,18:28:43,Dinner,TP,"[('Shrimp', 3), ('Fish&Chips', 10)]",512.0,-37.814690999999996,144.95768950000001,0,8.302999999999999,12.2995056
ORDB07650,2018-04-02,11:02:32,Breakfast,TP,"[('Pancake', 7), ('Cereal', 4), ('Eggs', 10)]",473.75,-37.8127728,144.98372519999998,0,9.356,11.9011663
ORDY08071,2018-11-21,18:49:00,Dinner,TP,"[('Salmon', 3), ('Fish&Chips', 2), ('Pasta', 4), ('Shrimp', 2)]",411.0,-37.820608,144.9485919,0,8.878,13.0413928
ORDY06752,2018-07-18,14:35:29,Lunch,TP,"[('Fries', 4), ('Salad', 2)]",82.4,-37.812178100000004,144.94445380000002,0,9.719,12.767252099999999
ORDJ08835,2018-06-14,13:24:30,Lunch,TP,"[('Burger', 7), ('Chicken', 10), ('Steak', 1), ('Salad', 4), ('Fries', 9)]",758.8,-37.825848799999996,144.9792724,0,8.517000000000001,11.523294300000002
ORDB06088,2018-04-06,11:02:32,Breakfast,TP,"[('Pancake', 5), ('Eggs', 6), ('Coffee', 8)]",313.25,-37.8139601,144.9663061,0,8.175,11.2599663
ORDB08480,2018-05-28,12:54:05,Lunch,TP,"[('Fries', 8), ('Burger', 10), ('Salad', 1), ('Steak', 9), ('Chicken', 8)]",1084.2,-37.8083001,144.96612919999998,0,8.929,11.998755000000001
ORDY03744,2018-10-11,17:17:44,Dinner,TP,"[('Salmon', 10), ('Shrimp', 10)]",950.0,-37.8122054,144.9533103,0,8.978,12.9976331
ORDJ09291,2018-11-12,18:28:43,Dinner,TP,"[('Fish&Chips', 6), ('Shrimp', 3), ('Salmon', 8), ('Pasta', 6)]",865.0,-37.8155766,144.9582817,0,8.186,12.761042300000002
ORDJ06424,2018-09-11,16:16:54,Dinner,TP,"[('Pasta', 5), ('Fish&Chips', 2)]",207.5,-37.8080847,144.96857749999998,0,9.086,12.9428281
ORDJ02908,2018-07-12,14:15:12,Lunch,TP,"[('Burger', 7), ('Salad', 9), ('Steak', 2), ('Chicken', 7)]",685.8,-37.8109295,144.9728153,0,8.906,12.5697271
ORDJ08362,2018-10-24,17:48:10,Dinner,TP,"[('Pasta', 1), ('Fish&Chips', 9), ('Shrimp', 10)]",882.5,-37.8052334,144.97141580000002,0,9.52,13.192136800000002
ORDY07245,2018-01-07,08:10:08,Breakfast,TP,"[('Cereal', 3), ('Pancake', 5)]",184.25,-37.8129301,144.93724319999998,1,10.585,7.028759399999999
ORDJ09217,2018-10-09,17:17:44,Dinner,TP,"[('Pasta', 6), ('Shrimp', 8)]",597.0,-37.812309899999995,144.9514126,0,9.212,13.644222099999999
ORDJ05729,2018-04-06,11:02:32,Breakfast,TP,"[('Coffee', 8), ('Cereal', 7), ('Eggs', 8)]",383.0,-37.803818799999995,144.9643945,0,9.429,11.9861761
ORDJ00090,2018-03-15,10:21:58,Breakfast,TP,"[('Eggs', 1), ('Cereal', 9)]",211.0,-37.801065799999996,145.00497990000002,0,12.353,14.6656171
ORDJ06011,2018-07-23,14:45:38,Lunch,TP,"[('Steak', 7), ('Chicken', 3)]",411.0,-37.8244094,145.0086985,0,11.22,14.7400218
ORDJ01807,2018-12-09,19:19:26,Dinner,TP,"[('Shrimp', 6), ('Pasta', 7), ('Fish&Chips', 2)]",586.5,-37.8011506,144.9765413,0,10.056000000000001,15.3510609
ORDB00504,2018-10-15,17:27:53,Dinner,TP,"[('Fish&Chips', 10), ('Salmon', 5)]",555.0,-37.8096182,144.9757119,0,9.066,13.4577796
ORDB06631,2018-04-06,11:02:32,Breakfast,TP,"[('Coffee', 7), ('Cereal', 3), ('Pancake', 9), ('Eggs', 3)]",399.75,-37.8035042,144.9498163,0,9.915,12.4255796
ORDJ10743,2018-06-12,13:24:30,Lunch,TP,"[('Salad', 4), ('Steak', 3), ('Burger', 3), ('Chicken', 3)]",392.8,-37.803731,144.946674,0,10.026,13.3230519
ORDY00079,2018-06-02,13:04:13,Lunch,TP,"[('Fries', 9), ('Burger', 8), ('Salad', 6)]",459.2,-37.8171789,144.9679935,0,7.808,12.743391699999998
ORDY01260,2018-05-21,12:33:48,Lunch,TP,"[('Burger', 2), ('Steak', 6), ('Fries', 9), ('Chicken', 5), ('Salad', 3)]",651.6,-37.8058148,144.95817649999998,0,9.111,11.76833
ORDB04726,2018-10-13,17:27:53,Dinner,TP,"[('Salmon', 10), ('Shrimp', 8), ('Fish&Chips', 6)]",1052.0,-37.80556370000001,144.9419322,0,10.371,16.167688599999998
ORDY01153,2018-05-23,12:43:56,Lunch,TP,"[('Salad', 3), ('Burger', 5)]",206.6,-37.8146613,144.9854064,0,9.495,12.503162099999999
ORDY07026,2018-06-22,13:44:47,Lunch,TP,"[('Chicken', 2), ('Burger', 4)]",188.0,-37.8106139,145.0104371,0,12.364,15.3301205
ORDJ05300,2018-01-12,08:20:16,Breakfast,TP,"[('Cereal', 6), ('Coffee', 9), ('Pancake', 2), ('Eggs', 8)]",418.0,-37.8070286,144.95902019999997,1,8.98,5.7290183
ORDJ03215,2018-04-22,11:32:57,Breakfast,TP,"[('Eggs', 8), ('Coffee', 1), ('Cereal', 3)]",246.5,-37.81886110000001,144.9532927,0,8.512,13.1206938
ORDJ10810,2018-07-24,14:45:38,Lunch,TP,"[('Steak', 1), ('Fries', 1), ('Chicken', 10), ('Salad', 6), ('Burger', 2)]",542.2,-37.7993484,144.9846436,0,10.79,13.9574932
ORDY04361,2018-10-16,17:27:53,Dinner,TP,"[('Salmon', 3), ('Pasta', 6), ('Fish&Chips', 3), ('Shrimp', 6)]",717.0,-37.8224366,144.9927925,0,9.746,13.6040363
ORDB04371,2018-01-16,08:30:25,Breakfast,TP,"[('Coffee', 9), ('Cereal', 10), ('Eggs', 2), ('Pancake', 1)]",345.75,-37.809361100000004,144.9645195,1,8.718,5.6098789
ORDB01655,2018-12-20,19:39:43,Dinner,TP,"[('Salmon', 8), ('Fish&Chips', 7), ('Shrimp', 6)]",897.0,-37.813046500000006,144.9335818,0,11.354000000000001,15.088512900000001
ORDJ01327,2018-08-08,15:16:03,Lunch,TP,"[('Salad', 5), ('Burger', 2), ('Chicken', 9), ('Fries', 4), ('Steak', 5)]",709.0,-37.8105115,144.95485459999998,0,8.906,12.6263633
ORDB01205,2018-05-12,12:23:39,Lunch,TP,"[('Chicken', 10), ('Fries', 9)]",428.0,-37.804267200000005,144.9947565,0,11.12,15.522887300000002
ORDJ03969,2018-07-30,14:55:46,Lunch,TP,"[('Chicken', 7), ('Burger', 1), ('Steak', 4)]",435.0,-37.812163500000004,144.9737165,0,8.794,12.2405065
ORDY06586,2018-08-02,15:05:54,Lunch,TP,"[('Burger', 10), ('Salad', 8), ('Fries', 3), ('Steak', 10)]",933.6,-37.8054246,144.9521368,0,9.533999999999999,12.2071356
ORDY04651,2018-06-28,13:54:55,Lunch,TP,"[('Salad', 1), ('Chicken', 5), ('Steak', 4), ('Burger', 4), ('Fries', 8)]",577.2,-37.8217802,144.95746719999997,0,7.98,11.5855811
ORDY09586,2018-12-26,19:49:51,Dinner,TP,"[('Fish&Chips', 3), ('Shrimp', 9)]",591.0,-37.7945465,144.9357497,0,13.360999999999999,16.8744235
ORDJ00119,2018-12-17,19:39:43,Dinner,TP,"[('Shrimp', 2), ('Fish&Chips', 3), ('Pasta', 8), ('Salmon', 7)]",720.0,-37.8056528,144.95108290000002,0,9.637,13.8848386
ORDY03202,2018-12-29,20:00:00,Dinner,TP,"[('Fish&Chips', 3), ('Pasta', 10), ('Shrimp', 9)]",866.0,-37.82020670000001,144.9506248,0,8.735,14.6906494
ORDJ01548,2018-05-28,12:54:05,Lunch,TP,"[('Steak', 8), ('Chicken', 10)]",680.0,-37.8087706,144.95414240000002,0,9.097000000000001,12.447022800000001
ORDY04620,2018-04-19,11:32:57,Breakfast,TP,"[('Coffee', 7), ('Cereal', 10), ('Eggs', 2), ('Pancake', 3)]",379.25,-37.815248700000005,144.9747429,0,8.432,11.5192056
ORDJ08993,2018-04-24,11:43:05,Breakfast,TP,"[('Pancake', 9), ('Cereal', 5), ('Eggs', 5), ('Coffee', 1)]",440.75,-37.8188143,144.9530958,0,8.535,11.5614549
ORDY09290,2018-12-21,19:39:43,Dinner,TP,"[('Salmon', 9), ('Fish&Chips', 1), ('Shrimp', 7)]",782.0,-37.8054164,144.9615204,0,9.13,13.125032199999998
ORDB10043,2018-02-01,09:00:50,Breakfast,TP,"[('Coffee', 9), ('Pancake', 5)]",188.75,-37.8201239,144.96463280000003,0,7.095,9.9271476
ORDB01087,2018-02-23,09:41:24,Breakfast,TP,"[('Coffee', 10), ('Cereal', 8)]",243.0,-37.806268100000004,144.93265300000002,0,10.989,12.6195795
ORDB03173,2018-05-25,12:43:56,Lunch,TP,"[('Fries', 6), ('Burger', 7), ('Steak', 5), ('Salad', 2)]",548.4,-37.813180100000004,144.9681898,0,8.384,11.8851119
ORDB04015,2018-09-03,16:06:45,Dinner,TP,"[('Fish&Chips', 9), ('Shrimp', 6), ('Pasta', 9), ('Salmon', 1)]",927.5,-37.811539700000004,144.9720273,0,8.815,12.709277
ORDB01473,2018-03-11,10:11:49,Breakfast,TP,"[('Cereal', 9), ('Eggs', 7), ('Coffee', 5), ('Pancake', 1)]",404.75,-37.804095700000005,144.9634487,0,9.291,13.317086199999999
ORDB07111,2018-01-04,08:00:00,Breakfast,TP,"[('Coffee', 2), ('Pancake', 3)]",87.75,-37.7999571,145.0184074,1,13.559000000000001,7.430996799999999
ORDJ09393,2018-01-21,08:40:33,Breakfast,TP,"[('Pancake', 9), ('Cereal', 5), ('Eggs', 2)]",367.25,-37.803740600000005,144.9654287,0,9.458,13.449810999999999
ORDC01032,2018-09-18,16:37:10,Dinner,NS,"[('Salmon', 6), ('Shrimp', 4), ('Pasta', 6), ('Fish&Chips', 6)]",837.0,-37.8068823,144.9578895,0,8.11,13.8936302
ORDC10707,2018-06-21,13:34:38,Lunch,NS,"[('Burger', 6), ('Steak', 10), ('Fries', 4), ('Chicken', 3), ('Salad', 9)]",934.8,-37.8164357,144.9458352,0,9.289,14.4977467
ORDC03606,2018-11-27,18:59:09,Dinner,NS,"[('Shrimp', 5), ('Salmon', 2), ('Pasta', 6), ('Fish&Chips', 10)]",867.0,-37.822598600000006,145.002643,0,10.659,16.4793826
ORDC09181,2018-08-03,15:05:54,Lunch,NS,"[('Steak', 9), ('Salad', 1), ('Chicken', 1)]",454.2,-37.8123722,144.9479386,0,10.668,16.2137216
ORDC10869,2018-05-29,12:54:05,Lunch,NS,"[('Salad', 5), ('Steak', 2), ('Chicken', 3)]",272.0,-37.8166784,144.9876868,0,9.002,14.7884249
ORDI03412,2018-03-31,10:52:23,Breakfast,NS,"[('Coffee', 1), ('Eggs', 9), ('Cereal', 10)]",415.5,-37.8187089,144.9705069,0,8.439,15.3633696
ORDZ09567,2018-03-23,10:42:15,Breakfast,NS,"[('Coffee', 1), ('Pancake', 2), ('Eggs', 8), ('Cereal', 9)]",421.0,-37.8149372,144.9452921,0,9.156,14.253409900000001
ORDC07267,2018-03-08,10:11:49,Breakfast,NS,"[('Eggs', 2), ('Cereal', 5), ('Coffee', 7)]",201.5,-37.816232799999995,144.9644965,0,8.296,13.2436324
ORDI01942,2018-03-06,10:01:41,Breakfast,NS,"[('Cereal', 3), ('Pancake', 5), ('Coffee', 3)]",206.75,-37.816075,144.98384430000002,0,8.661,13.3611771
ORDI03717,2018-01-29,08:50:42,Breakfast,NS,"[('Pancake', 10), ('Coffee', 10), ('Cereal', 3), ('Eggs', 9)]",578.5,-37.826275700000004,144.9381384,0,11.291,16.250098
ORDI09258,2018-11-27,18:59:09,Dinner,NS,"[('Pasta', 9), ('Fish&Chips', 1), ('Shrimp', 5)]",552.5,-37.8255375,144.9668224,0,9.301,15.3816139
ORDC02019,2018-10-14,17:27:53,Dinner,NS,"[('Pasta', 4), ('Fish&Chips', 1), ('Salmon', 10), ('Shrimp', 8)]",987.0,-37.8235665,144.96803880000002,0,9.078,17.054344399999998
ORDC10830,2018-10-15,17:27:53,Dinner,NS,"[('Shrimp', 6), ('Fish&Chips', 2), ('Salmon', 5)]",599.0,-37.809598799999996,144.97555580000002,0,7.465,13.2832953
ORDI00053,2018-07-07,14:05:04,Lunch,NS,"[('Chicken', 4), ('Salad', 9), ('Burger', 6), ('Steak', 2)]",558.8,-37.801750899999995,144.9950977,0,8.532,16.3660033
ORDZ05901,2018-02-17,09:31:16,Breakfast,NS,"[('Pancake', 8), ('Coffee', 3), ('Eggs', 4), ('Cereal', 6)]",430.5,-37.80413720000001,144.94978500000002,0,8.408999999999999,15.185904699999998
ORDC03882,2018-05-28,12:54:05,Lunch,NS,"[('Chicken', 9), ('Burger', 7), ('Fries', 2)]",529.0,-37.8096098,144.95528090000002,0,8.145,13.5270272
ORDZ00562,2018-07-11,14:15:12,Lunch,NS,"[('Chicken', 8), ('Fries', 4), ('Burger', 4), ('Salad', 4)]",496.8,-37.816073100000004,145.00079680000002,0,10.012,15.763710699999999
ORDI05839,2018-12-07,19:19:26,Dinner,NS,"[('Pasta', 3), ('Fish&Chips', 4), ('Salmon', 4)]",386.5,-37.8207878,144.9480478,0,9.764,15.5029534
ORDZ10822,2018-01-10,08:10:08,Breakfast,NS,"[('Cereal', 10), ('Coffee', 7), ('Pancake', 8)]",456.5,-37.7988449,144.9537742,1,7.651,6.653170200000001
ORDI02797,2018-03-04,10:01:41,Breakfast,NS,"[('Coffee', 7), ('Pancake', 9), ('Eggs', 2), ('Cereal', 7)]",461.75,-37.8210294,145.00084760000001,0,10.472000000000001,17.708869699999997
ORDC04573,2018-03-01,09:51:32,Breakfast,NS,"[('Coffee', 3), ('Pancake', 10)]",265.0,-37.8052664,144.9551719,0,7.974,13.0423899
ORDI05923,2018-03-18,10:32:06,Breakfast,NS,"[('Coffee', 5), ('Eggs', 1)]",59.5,-37.8133132,144.9737721,0,7.66,14.323552
ORDZ06621,2018-08-19,15:36:20,Lunch,NS,"[('Fries', 4), ('Steak', 8)]",408.0,-37.8131389,144.9359178,0,10.217,17.538845499999997
ORDC06097,2018-01-26,08:50:42,Breakfast,NS,"[('Pancake', 9), ('Cereal', 5)]",323.25,-37.81538320000001,144.96299419999997,0,8.214,13.3753721
ORDI04554,2018-12-26,19:49:51,Dinner,NS,"[('Fish&Chips', 8), ('Shrimp', 2), ('Pasta', 5), ('Salmon', 5)]",730.5,-37.8032365,144.9634257,0,6.995,12.8728344
ORDC06099,2018-05-18,12:33:48,Lunch,NS,"[('Fries', 2), ('Salad', 5), ('Steak', 6), ('Chicken', 9)]",668.0,-37.8044515,144.9432776,0,9.002,14.011019500000002
ORDC08714,2018-01-04,08:00:00,Breakfast,NS,"[('Cereal', 5), ('Eggs', 9), ('Coffee', 6), ('Pancake', 10)]",590.5,-37.8048939,144.9615325,1,4.0280000000000005,4.4060269
ORDZ01979,2018-08-28,15:56:37,Lunch,NS,"[('Fries', 9), ('Steak', 1), ('Chicken', 4), ('Burger', 2)]",343.0,-37.799932399999996,144.9793617,0,7.001,11.88369
ORDC10230,2018-05-27,12:43:56,Lunch,NS,"[('Fries', 2), ('Salad', 7), ('Chicken', 8)]",400.4,-37.8183685,145.0146615,0,11.635,19.8715163
ORDC03742,2018-08-12,15:26:11,Lunch,NS,"[('Burger', 1), ('Salad', 8)]",168.6,-37.8135669,144.9683657,0,7.727,15.11423
ORDI01657,2018-06-16,13:24:30,Lunch,NS,"[('Fries', 6), ('Salad', 10), ('Chicken', 1), ('Burger', 9)]",555.0,-37.811591,144.9298709,0,10.659,17.9481464
ORDC01763,2018-09-21,16:47:19,Dinner,NS,"[('Shrimp', 3), ('Salmon', 2), ('Fish&Chips', 10), ('Pasta', 7)]",786.5,-37.8201576,144.9582571,0,9.122,14.889972699999998
ORDZ09723,2018-07-16,14:25:21,Lunch,NS,"[('Steak', 1), ('Chicken', 1)]",77.0,-37.805069200000005,144.9572442,0,7.744,13.1077617
ORDZ09464,2018-07-24,14:45:38,Lunch,NS,"[('Burger', 3), ('Salad', 10), ('Chicken', 9), ('Fries', 9)]",661.0,-37.8034968,144.9498871,0,8.334,13.5933021
ORDC07841,2018-11-14,18:28:43,Dinner,NS,"[('Salmon', 4), ('Shrimp', 4), ('Pasta', 1)]",407.5,-37.80652070000001,144.944874,0,9.017999999999999,14.5915115
ORDC00531,2018-04-15,11:22:49,Breakfast,NS,"[('Coffee', 4), ('Cereal', 9), ('Eggs', 6)]",351.0,-37.816610600000004,144.98671519999996,0,8.923,15.959478500000001
ORDZ08710,2018-02-03,09:00:50,Breakfast,NS,"[('Eggs', 7), ('Coffee', 3), ('Pancake', 2), ('Cereal', 9)]",414.0,-37.8091283,144.95590190000001,0,8.056,14.7829215
ORDZ07628,2018-10-31,17:58:18,Dinner,NS,"[('Shrimp', 1), ('Salmon', 2), ('Fish&Chips', 1)]",171.0,-37.8073211,144.97339019999998,0,7.026,13.0459857
ORDI04604,2018-11-10,18:18:35,Dinner,NS,"[('Pasta', 8), ('Shrimp', 1), ('Salmon', 1)]",315.0,-37.819614200000004,145.0099096,0,11.009,19.8163563
ORDZ01165,2018-10-17,17:38:01,Dinner,NS,"[('Salmon', 7), ('Pasta', 3), ('Shrimp', 1), ('Fish&Chips', 8)]",703.5,-37.823283200000006,144.970025,0,8.981,14.2615429
ORDZ09336,2018-09-06,16:16:54,Dinner,NS,"[('Shrimp', 9), ('Salmon', 7)]",773.0,-37.8164884,144.9844661,0,8.738999999999999,14.8132193
ORDC05254,2018-11-27,18:59:09,Dinner,NS,"[('Salmon', 9), ('Fish&Chips', 9), ('Pasta', 8), ('Shrimp', 10)]",1444.0,-37.8255375,144.9668224,0,9.301,15.4059218
ORDZ05560,2018-06-09,13:14:21,Lunch,NS,"[('Chicken', 1), ('Steak', 4), ('Burger', 7)]",429.0,-37.80238320000001,145.0125023,0,10.144,17.7992422
ORDI00511,2018-04-13,11:22:49,Breakfast,NS,"[('Coffee', 3), ('Pancake', 5), ('Cereal', 2), ('Eggs', 5)]",295.75,-37.8023368,144.9478578,0,8.374,13.8784899
ORDC01992,2018-09-17,16:37:10,Dinner,NS,"[('Pasta', 5), ('Fish&Chips', 8)]",417.5,-37.819384,145.00835969999997,0,10.870999999999999,16.8126252
ORDI04631,2018-06-14,13:24:30,Lunch,NS,"[('Fries', 10), ('Salad', 7), ('Chicken', 5), ('Steak', 5)]",625.4,-37.8001434,144.9677235,0,6.546,12.3310788
ORDC03906,2018-05-15,12:23:39,Lunch,NS,"[('Burger', 4), ('Chicken', 1), ('Steak', 7), ('Fries', 7), ('Salad', 2)]",589.4,-37.824549499999996,144.95293830000003,0,10.007,15.774073999999999
ORDI04459,2018-03-29,10:52:23,Breakfast,NS,"[('Pancake', 2), ('Cereal', 2), ('Coffee', 7), ('Eggs', 5)]",253.0,-37.8015763,144.9967569,0,8.712,13.4057751
ORDI05883,2018-05-13,12:23:39,Lunch,NS,"[('Steak', 9), ('Chicken', 2), ('Burger', 9), ('Fries', 5), ('Salad', 4)]",876.8,-37.8005849,144.9344349,0,6.724,14.2041643
ORDI02871,2018-11-07,18:18:35,Dinner,NS,"[('Shrimp', 3), ('Salmon', 2)]",244.0,-37.81136729999999,144.9617633,0,7.747000000000001,13.180126199999998
ORDI05869,2018-08-02,15:05:54,Lunch,NS,"[('Chicken', 1), ('Steak', 10), ('Fries', 8), ('Burger', 2), ('Salad', 7)]",760.4,-37.7996794,144.95494330000002,0,7.51,13.201267600000001
ORDI04239,2018-10-17,17:38:01,Dinner,NS,"[('Shrimp', 10), ('Salmon', 3)]",663.0,-37.8031607,144.95006980000002,0,8.23,13.678710999999998
ORDZ01349,2018-09-24,16:47:19,Dinner,NS,"[('Salmon', 8), ('Shrimp', 6)]",652.0,-37.807894399999995,144.97288700000001,0,7.093999999999999,13.2292729
ORDZ09082,2018-06-20,13:34:38,Lunch,NS,"[('Burger', 4), ('Chicken', 2), ('Salad', 8), ('Steak', 1), ('Fries', 8)]",466.6,-37.811544,144.9563109,0,8.128,13.8409634
ORDZ09547,2018-03-09,10:11:49,Breakfast,NS,"[('Coffee', 8), ('Eggs', 3)]",126.0,-37.82516029999999,144.98537919999998,0,9.599,14.236338199999999
ORDZ01156,2018-11-06,18:18:35,Dinner,NS,"[('Salmon', 2), ('Fish&Chips', 10), ('Pasta', 6), ('Shrimp', 2)]",705.0,-37.8133626,144.962603,0,7.9879999999999995,14.410201999999998
ORDC10271,2018-01-10,08:10:08,Breakfast,NS,"[('Eggs', 2), ('Coffee', 4), ('Pancake', 8)]",268.0,-37.82177539999999,144.9779363,1,8.87,7.0006336
ORDZ05888,2018-06-29,13:54:55,Lunch,NS,"[('Chicken', 5), ('Salad', 4), ('Steak', 6), ('Burger', 1)]",529.8,-37.825323600000004,145.0124101,0,11.769,17.806943899999997
ORDZ05589,2018-10-18,17:38:01,Dinner,NS,"[('Pasta', 7), ('Salmon', 2)]",274.5,-37.8234235,144.970257,0,8.997,14.617394699999998
ORDC06606,2018-10-06,17:07:36,Dinner,NS,"[('Pasta', 4), ('Shrimp', 1), ('Salmon', 10)]",574.0,-37.8227748,144.9777811,0,8.821,17.341417899999996
ORDZ02257,2018-03-01,09:51:32,Breakfast,NS,"[('Pancake', 4), ('Cereal', 2)]",139.0,-37.8207456,144.9688791,0,8.882,13.6362565
ORDI01475,2018-02-20,09:41:24,Breakfast,NS,"[('Eggs', 10), ('Pancake', 1)]",244.25,-37.8173296,144.9673881,0,8.302999999999999,13.002752699999998
ORDI09026,2018-01-19,08:30:25,Breakfast,NS,"[('Eggs', 6), ('Pancake', 7), ('Cereal', 7), ('Coffee', 9)]",516.25,-37.805572999999995,144.95348959999998,0,8.166,12.611749699999999
ORDZ01477,2018-09-19,16:37:10,Dinner,NS,"[('Fish&Chips', 10), ('Salmon', 5)]",555.0,-37.813635999999995,144.9558758,0,8.39,13.892111400000001
ORDI09560,2018-01-25,08:40:33,Breakfast,NS,"[('Pancake', 6), ('Cereal', 5)]",250.5,-37.8242349,144.991632,0,9.77,14.9928975
ORDC08922,2018-04-21,11:32:57,Breakfast,NS,"[('Eggs', 9), ('Pancake', 4)]",295.0,-37.8187788,144.9535299,0,9.212,16.3140414
ORDC04543,2018-06-27,13:54:55,Lunch,NS,"[('Fries', 4), ('Steak', 8), ('Burger', 10), ('Salad', 8), ('Chicken', 8)]",1111.6,-37.810354499999995,144.9509758,0,8.74,14.2868695
ORDZ07549,2018-11-30,18:59:09,Dinner,NS,"[('Pasta', 2), ('Salmon', 2), ('Shrimp', 2)]",245.0,-37.8096433,144.9725187,0,7.311,13.281804800000002
ORDI00624,2018-10-16,17:27:53,Dinner,NS,"[('Fish&Chips', 7), ('Shrimp', 1), ('Salmon', 4)]",463.0,-37.8218911,144.9917074,0,9.675,15.4337345
ORDI08267,2018-11-17,18:38:52,Dinner,NS,"[('Pasta', 4), ('Fish&Chips', 9)]",425.0,-37.8037698,145.0107711,0,10.216000000000001,18.543705199999998
ORDC06243,2018-12-05,19:09:17,Dinner,NS,"[('Shrimp', 4), ('Salmon', 1), ('Fish&Chips', 10), ('Pasta', 10)]",882.0,-37.8019828,144.95963490000003,0,7.247000000000001,13.410870300000001
ORDZ10832,2018-01-12,08:20:16,Breakfast,NS,"[('Eggs', 2), ('Pancake', 8), ('Coffee', 7), ('Cereal', 9)]",479.5,-37.807387799999994,144.95824230000002,1,7.817,6.7121815
ORDZ03258,2018-12-15,19:29:34,Dinner,NS,"[('Shrimp', 1), ('Pasta', 5), ('Salmon', 9), ('Fish&Chips', 4)]",700.5,-37.8243114,144.94396319999998,0,10.545,18.0042073
ORDC09002,2018-10-06,17:07:36,Dinner,NS,"[('Shrimp', 8), ('Pasta', 3)]",514.5,-37.8257266,144.9816732,0,9.335,17.2782064
ORDC06476,2018-06-05,13:04:13,Lunch,NS,"[('Fries', 7), ('Burger', 1), ('Chicken', 8)]",371.0,-37.811035600000004,144.9290744,0,10.565,16.411077900000002
ORDC03311,2018-07-11,14:15:12,Lunch,NS,"[('Burger', 3), ('Fries', 2), ('Salad', 3), ('Steak', 4)]",348.6,-37.81674829999999,145.0074769,0,10.616,15.5456234
ORDZ06697,2018-08-06,15:05:54,Lunch,NS,"[('Burger', 1), ('Steak', 3), ('Fries', 5), ('Salad', 10)]",398.0,-37.8166527,144.9699706,0,8.086,13.570902300000002
ORDZ04149,2018-04-13,11:22:49,Breakfast,NS,"[('Pancake', 3), ('Eggs', 2), ('Coffee', 7)]",169.25,-37.8009234,144.9545386,0,7.723,12.964422
ORDZ08799,2018-10-18,17:38:01,Dinner,NS,"[('Pasta', 6), ('Salmon', 1), ('Shrimp', 1)]",260.0,-37.81868789999999,144.9670361,0,8.501,14.4588698
ORDI00430,2018-07-27,14:55:46,Lunch,NS,"[('Chicken', 4), ('Fries', 3)]",164.0,-37.8050226,144.9876635,0,8.091000000000001,13.5421334
ORDC06787,2018-10-15,17:27:53,Dinner,NS,"[('Shrimp', 5), ('Salmon', 3), ('Pasta', 2)]",448.0,-37.8096182,144.9757119,0,7.481,13.4735473
ORDZ05562,2018-07-30,14:55:46,Lunch,NS,"[('Fries', 5), ('Steak', 1), ('Salad', 8), ('Chicken', 4), ('Burger', 1)]",401.6,-37.815102100000004,144.94502130000004,0,9.186,14.289933900000001
ORDI01977,2018-08-21,15:36:20,Lunch,NS,"[('Salad', 3), ('Chicken', 2)]",115.6,-37.8167146,144.9699771,0,8.093,13.789869699999999
ORDI07185,2018-01-09,08:10:08,Breakfast,NS,"[('Pancake', 6), ('Eggs', 3)]",211.5,-37.8111151,144.96643630000003,1,7.4910000000000005,6.1028708
ORDC01869,2018-04-25,11:43:05,Breakfast,NS,"[('Pancake', 5), ('Cereal', 6), ('Coffee', 5), ('Eggs', 4)]",372.75,-37.8191695,144.952764,0,9.309,14.4447446
ORDZ10542,2018-08-17,15:36:20,Lunch,NS,"[('Salad', 1), ('Steak', 2), ('Chicken', 2), ('Fries', 8), ('Burger', 2)]",329.2,-37.8146466,144.9578555,0,8.395,14.263689300000001
ORDZ00391,2018-03-01,09:51:32,Breakfast,NS,"[('Cereal', 7), ('Coffee', 5), ('Pancake', 4), ('Eggs', 10)]",501.5,-37.823262799999995,144.9830236,0,9.365,14.1129424
ORDC08344,2018-06-17,13:24:30,Lunch,NS,"[('Salad', 9), ('Fries', 9), ('Steak', 1)]",307.8,-37.825027899999995,144.9589745,0,9.798,16.663598399999998
ORDI05769,2018-08-12,15:26:11,Lunch,NS,"[('Burger', 10), ('Steak', 4), ('Chicken', 5), ('Salad', 6)]",753.2,-37.8135759,144.96423080000002,0,7.928,15.349489199999999
ORDC10301,2018-11-06,18:18:35,Dinner,NS,"[('Shrimp', 4), ('Salmon', 7), ('Pasta', 1), ('Fish&Chips', 8)]",810.5,-37.8124336,144.9621758,0,7.877000000000001,14.0509228
ORDZ08361,2018-06-11,13:14:21,Lunch,NS,"[('Fries', 9), ('Salad', 2), ('Chicken', 2)]",206.4,-37.8049059,144.99376759999998,0,8.617,13.972915799999999
ORDZ06790,2018-04-22,11:32:57,Breakfast,NS,"[('Coffee', 2), ('Cereal', 8), ('Eggs', 5)]",293.0,-37.8190736,144.95208159999999,0,9.346,16.6720282
ORDI02198,2018-01-05,08:00:00,Breakfast,NS,"[('Coffee', 5), ('Pancake', 7), ('Cereal', 1)]",228.25,-37.8124127,144.93764309999997,1,9.914,7.5185687
ORDI08301,2018-01-10,08:10:08,Breakfast,NS,"[('Coffee', 1), ('Pancake', 9), ('Eggs', 9), ('Cereal', 6)]",549.75,-37.80486679999999,144.93537949999998,1,9.827,7.2758199999999995
ORDC09733,2018-12-05,19:09:17,Dinner,NS,"[('Pasta', 2), ('Fish&Chips', 7)]",300.0,-37.8100114,145.0089575,0,10.485,16.3428802
ORDZ00265,2018-02-18,09:31:16,Breakfast,NS,"[('Pancake', 9), ('Cereal', 7), ('Eggs', 9), ('Coffee', 4)]",593.25,-37.8073374,144.9445753,0,9.071,15.9498236
ORDC08010,2018-03-26,10:42:15,Breakfast,NS,"[('Cereal', 10), ('Eggs', 8)]",386.0,-37.816484499999994,145.0042899,0,10.325999999999999,15.383958499999999
ORDI07415,2018-06-20,13:34:38,Lunch,NS,"[('Steak', 3), ('Burger', 9), ('Salad', 7), ('Fries', 1)]",546.4,-37.805888,144.9561775,0,7.931,13.472440300000002
ORDZ03827,2018-01-20,08:30:25,Breakfast,NS,"[('Eggs', 1), ('Coffee', 5), ('Pancake', 7), ('Cereal', 3)]",292.25,-37.79864570000001,144.9333648,0,9.566,16.539707800000002
ORDC02896,2018-03-03,10:01:41,Breakfast,NS,"[('Coffee', 10), ('Cereal', 3), ('Pancake', 8), ('Eggs', 9)]",530.0,-37.8206673,144.956766,0,9.279,16.217886800000002
ORDC00881,2018-10-20,17:38:01,Dinner,NS,"[('Shrimp', 4), ('Fish&Chips', 2)]",286.0,-37.8224711,144.9474014,0,10.006,18.0092382
ORDC07879,2018-07-22,14:35:29,Lunch,NS,"[('Steak', 5), ('Salad', 3), ('Fries', 5), ('Burger', 9)]",615.6,-37.8086333,144.9475917,0,8.855,16.4214439
ORDZ05144,2018-04-15,11:22:49,Breakfast,NS,"[('Eggs', 5), ('Cereal', 3), ('Coffee', 6)]",218.0,-37.8131361,145.01144680000002,0,10.769,17.4416668
ORDZ08639,2018-10-25,17:48:10,Dinner,NS,"[('Shrimp', 6), ('Pasta', 9), ('Salmon', 5), ('Fish&Chips', 8)]",1056.5,-37.819261,144.9635501,0,8.79,14.6808981
ORDI07838,2018-03-04,10:01:41,Breakfast,NS,"[('Cereal', 5), ('Eggs', 1), ('Pancake', 6)]",272.5,-37.8236213,144.9404384,0,10.887,18.0448362
ORDZ05120,2018-07-01,13:54:55,Lunch,NS,"[('Salad', 4), ('Chicken', 5), ('Fries', 9), ('Steak', 8)]",696.8,-37.8153597,144.96662959999998,0,8.066,15.681429999999999
ORDC08470,2018-01-07,08:10:08,Breakfast,NS,"[('Cereal', 3), ('Coffee', 10)]",138.0,-37.8008536,145.0032655,1,9.256,8.1948015
ORDZ06569,2018-08-14,15:26:11,Lunch,NS,"[('Steak', 10), ('Fries', 6)]",522.0,-37.8094486,144.9721165,0,7.193,12.3318946
ORDI07915,2018-01-13,08:20:16,Breakfast,NS,"[('Eggs', 8), ('Coffee', 10), ('Cereal', 3)]",314.0,-37.818021200000004,144.9668544,1,8.419,7.1128337
ORDC10373,2018-06-17,13:24:30,Lunch,NS,"[('Salad', 4), ('Burger', 1), ('Fries', 10), ('Chicken', 10), ('Steak', 6)]",809.8,-37.8203432,145.0144456,0,11.425,19.2189016
ORDC07237,2018-11-17,18:38:52,Dinner,NS,"[('Salmon', 3), ('Fish&Chips', 1)]",158.0,-37.798907299999996,144.9700089,0,6.3020000000000005,15.0199044
ORDZ00819,2018-08-24,15:46:28,Lunch,NS,"[('Steak', 8), ('Fries', 5), ('Salad', 9)]",574.8,-37.820732799999995,144.9670634,0,8.847999999999999,14.342626699999999
ORDZ10077,2018-09-28,16:57:27,Dinner,NS,"[('Pasta', 1), ('Shrimp', 10), ('Fish&Chips', 4), ('Salmon', 5)]",912.5,-37.8062153,144.9497858,0,8.507,14.418981
ORDZ05651,2018-05-25,12:43:56,Lunch,NS,"[('Steak', 7), ('Chicken', 8), ('Fries', 7), ('Burger', 3)]",748.0,-37.8082703,144.9535925,0,4.793,10.9437279
ORDI02391,2018-01-30,08:50:42,Breakfast,NS,"[('Coffee', 4), ('Cereal', 8), ('Pancake', 9)]",416.25,-37.802294,144.990587,0,8.013,13.105914
ORDC00680,2018-10-23,17:48:10,Dinner,NS,"[('Salmon', 7), ('Shrimp', 9), ('Fish&Chips', 9)]",1088.0,-37.80727879999999,144.9486081,0,8.662,14.512345499999999
ORDI10515,2018-01-04,08:00:00,Breakfast,NS,"[('Eggs', 8), ('Pancake', 7), ('Coffee', 2)]",360.75,-37.821034600000004,144.9474081,1,9.829,7.1691495
ORDI01712,2018-09-15,16:27:02,Dinner,NS,"[('Shrimp', 1), ('Fish&Chips', 4), ('Pasta', 7)]",386.5,-37.807669700000005,144.9803686,0,7.601,15.1673141
ORDC04447,2018-08-12,15:26:11,Lunch,NS,"[('Burger', 1), ('Steak', 9), ('Chicken', 1)]",468.0,-37.8058628,144.9366672,0,9.746,17.136294600000003
ORDC08537,2018-12-01,19:09:17,Dinner,NS,"[('Fish&Chips', 8), ('Shrimp', 5)]",550.0,-37.8003331,145.00559280000002,0,9.502,17.8332329
ORDC06880,2018-10-08,17:17:44,Dinner,NS,"[('Shrimp', 5), ('Salmon', 3), ('Fish&Chips', 2), ('Pasta', 8)]",683.0,-37.815595,144.95821819999998,0,8.512,14.7218612
ORDI06389,2018-08-23,15:46:28,Lunch,NS,"[('Burger', 9), ('Chicken', 10), ('Steak', 1), ('Fries', 5)]",704.0,-37.823082299999996,144.9881706,0,9.472999999999999,14.6624921
ORDZ06805,2018-08-24,15:46:28,Lunch,NS,"[('Fries', 5), ('Chicken', 2), ('Burger', 7), ('Steak', 7)]",656.0,-37.803210299999996,144.93564530000003,0,9.923,16.0262602
ORDZ08538,2018-12-21,19:39:43,Dinner,NS,"[('Fish&Chips', 2), ('Salmon', 4)]",234.0,-37.819176399999996,144.95783269999998,0,9.011000000000001,14.676502900000001
ORDI03730,2018-02-24,09:41:24,Breakfast,NS,"[('Pancake', 5), ('Cereal', 9)]",310.25,-37.8298477,144.9668629,0,9.814,16.9788449
ORDC04027,2018-07-31,14:55:46,Lunch,NS,"[('Burger', 10), ('Chicken', 5), ('Salad', 5)]",556.0,-37.801099,144.969947,0,6.152,11.655301300000001
ORDC04420,2018-10-25,17:48:10,Dinner,NS,"[('Shrimp', 4), ('Pasta', 7), ('Salmon', 5), ('Fish&Chips', 1)]",648.5,-37.8099266,144.9945944,0,8.948,15.059081400000002
ORDC01846,2018-10-06,17:07:36,Dinner,NS,"[('Salmon', 10), ('Pasta', 8), ('Fish&Chips', 7), ('Shrimp', 3)]",1037.0,-37.8070456,144.9625997,0,9.117,17.0366196
ORDC04633,2018-11-20,18:38:52,Dinner,NS,"[('Salmon', 5), ('Shrimp', 9)]",691.0,-37.823772600000005,145.0157724,0,11.89,17.6109017
ORDC01471,2018-02-19,09:31:16,Breakfast,NS,"[('Coffee', 2), ('Pancake', 8), ('Eggs', 7)]",363.0,-37.8072871,144.957846,0,7.899,12.9730592
ORDI02291,2018-06-21,13:34:38,Lunch,NS,"[('Salad', 6), ('Burger', 6), ('Fries', 4)]",337.2,-37.8215397,144.9538489,0,9.543,14.453717999999999
ORDZ05708,2018-05-01,11:53:14,Breakfast,NS,"[('Eggs', 3), ('Pancake', 6), ('Coffee', 10), ('Cereal', 1)]",307.5,-37.802923,145.00552390000001,0,9.715,14.70571
ORDI07005,2018-01-18,08:30:25,Breakfast,NS,"[('Cereal', 7), ('Pancake', 6), ('Eggs', 1)]",314.5,-37.8038207,144.9678332,1,6.619,6.0287525
ORDZ04236,2018-04-29,11:53:14,Breakfast,NS,"[('Cereal', 5), ('Coffee', 10)]",180.0,-37.8045496,144.96973500000001,0,6.556,13.2127299
ORDZ10971,2018-12-21,19:39:43,Dinner,NS,"[('Salmon', 3), ('Fish&Chips', 8)]",403.0,-37.813996200000005,144.9329345,0,9.056000000000001,15.0092451
ORDI03069,2018-05-15,12:23:39,Lunch,NS,"[('Chicken', 10), ('Steak', 6), ('Fries', 2), ('Burger', 6), ('Salad', 8)]",937.6,-37.824549499999996,144.95293830000003,0,10.007,15.314354000000002
ORDI08149,2018-01-09,08:10:08,Breakfast,NS,"[('Eggs', 8), ('Pancake', 5), ('Cereal', 9)]",486.25,-37.799276500000005,144.9351244,1,9.368,7.0506656
ORDZ03117,2018-02-24,09:41:24,Breakfast,NS,"[('Coffee', 10), ('Pancake', 6), ('Eggs', 2), ('Cereal', 8)]",432.5,-37.8106855,144.9638658,0,7.5360000000000005,14.5431639
ORDZ01148,2018-08-07,15:16:03,Lunch,NS,"[('Salad', 8), ('Steak', 1), ('Fries', 5), ('Burger', 9)]",521.6,-37.8098827,144.9433844,0,9.772,15.3659506
ORDC07142,2018-08-05,15:05:54,Lunch,NS,"[('Burger', 3), ('Salad', 10), ('Chicken', 5), ('Fries', 7), ('Steak', 7)]",824.0,-37.8056135,144.9296361,0,10.419,18.4744888
ORDZ07194,2018-05-01,11:53:14,Breakfast,NS,"[('Eggs', 5), ('Coffee', 2)]",125.0,-37.8089549,144.9499068,0,8.684,13.870956099999999
ORDZ09399,2018-11-12,18:28:43,Dinner,NS,"[('Fish&Chips', 5), ('Pasta', 3), ('Shrimp', 9), ('Salmon', 8)]",1071.5,-37.816547,144.9703239,0,8.072000000000001,14.005343900000002
ORDZ04475,2018-08-09,15:16:03,Lunch,NS,"[('Salad', 5), ('Fries', 2), ('Chicken', 9), ('Burger', 7), ('Steak', 8)]",975.0,-37.8154666,144.98790400000001,0,8.955,14.43169
ORDI01390,2018-01-02,08:00:00,Breakfast,NS,"[('Eggs', 7), ('Cereal', 6), ('Coffee', 2), ('Pancake', 1)]",319.25,-37.8271977,144.99397480000002,1,10.083,7.2989855
ORDI10033,2018-11-02,18:08:27,Dinner,NS,"[('Pasta', 3), ('Shrimp', 8)]",514.5,-37.8184412,144.9688053,0,8.618,15.007991699999998
ORDZ08585,2018-04-25,11:43:05,Breakfast,NS,"[('Cereal', 10), ('Coffee', 3)]",232.5,-37.8188887,144.95312619999999,0,9.253,14.2633147
ORDC02021,2018-09-04,16:06:45,Dinner,NS,"[('Pasta', 10), ('Fish&Chips', 8), ('Salmon', 4)]",719.0,-37.8009513,144.9523112,0,7.874,13.539618099999998
ORDC00766,2018-12-10,19:19:26,Dinner,NS,"[('Shrimp', 6), ('Pasta', 10)]",599.0,-37.8180834,144.9661608,0,8.467,14.5040929
ORDC02404,2018-03-09,10:11:49,Breakfast,NS,"[('Coffee', 5), ('Pancake', 2), ('Cereal', 6), ('Eggs', 7)]",366.0,-37.806183600000004,144.9588416,0,7.694,12.9095911
ORDX03103,2018-11-21,18:38:52,Dinner,BK,"[('Shrimp', 8), ('Salmon', 9), ('Fish&Chips', 4), ('Pasta', 9)]",1188.5,-37.8133476,144.93575019999997,0,10.285,17.1710468
ORDX09077,2018-03-27,10:42:15,Breakfast,BK,"[('Coffee', 7), ('Eggs', 6), ('Pancake', 9)]",402.75,-37.8123309,144.9539252,0,8.323,13.183230300000002
ORDK00723,2018-11-19,18:38:52,Dinner,BK,"[('Shrimp', 8), ('Fish&Chips', 8), ('Pasta', 4)]",822.0,-37.8189749,145.0081364,0,4.14,11.056059
ORDK09315,2018-08-01,14:55:46,Lunch,BK,"[('Steak', 5), ('Chicken', 2), ('Salad', 8), ('Burger', 1), ('Fries', 7)]",541.6,-37.7985773,144.9807351,0,6.869,12.4509284
ORDX10455,2018-03-26,10:42:15,Breakfast,BK,"[('Coffee', 3), ('Cereal', 9)]",211.5,-37.8167689,144.9518896,0,10.18,14.7652771
ORDA10166,2018-08-20,15:36:20,Lunch,BK,"[('Burger', 5), ('Salad', 10), ('Chicken', 2), ('Steak', 2)]",481.0,-37.804659,144.95343119999998,0,8.435,14.598538000000001
ORDA08755,2018-06-14,13:24:30,Lunch,BK,"[('Salad', 5), ('Burger', 4), ('Steak', 1), ('Fries', 7)]",339.0,-37.8095778,144.963772,0,7.388,13.597528200000001
ORDK05238,2018-02-07,09:10:59,Breakfast,BK,"[('Eggs', 1), ('Pancake', 8), ('Cereal', 8)]",384.0,-37.813585499999995,144.96072869999998,0,7.906000000000001,12.685733500000001
ORDK05229,2018-05-05,12:03:22,Lunch,BK,"[('Salad', 3), ('Chicken', 1)]",83.6,-37.816238899999995,144.9637619,0,7.791,15.8782693
ORDX05243,2018-03-10,10:11:49,Breakfast,BK,"[('Coffee', 2), ('Cereal', 7), ('Pancake', 6)]",307.5,-37.813674799999994,144.9818194,0,6.099,13.803928299999999
ORDX08512,2018-11-07,18:18:35,Dinner,BK,"[('Shrimp', 2), ('Fish&Chips', 1), ('Salmon', 3), ('Pasta', 5)]",403.5,-37.8141782,144.96329640000002,0,7.715,14.7018185
ORDA04471,2018-09-09,16:16:54,Dinner,BK,"[('Shrimp', 6), ('Salmon', 9)]",693.0,-37.8233154,144.9936838,0,5.832,15.298848499999998
ORDK09517,2018-05-10,12:13:31,Lunch,BK,"[('Fries', 3), ('Burger', 6), ('Salad', 10)]",394.0,-37.8006623,144.9922529,0,5.784,11.8016314
ORDA03790,2018-04-23,11:43:05,Breakfast,BK,"[('Coffee', 6), ('Cereal', 3), ('Eggs', 5), ('Pancake', 2)]",266.5,-37.8187561,144.9532439,0,8.815,13.6482406
ORDX02525,2018-12-14,19:29:34,Dinner,BK,"[('Pasta', 5), ('Salmon', 9), ('Fish&Chips', 4), ('Shrimp', 6)]",970.5,-37.8185297,144.94844840000002,0,9.221,16.104682099999998
ORDX09509,2018-12-09,19:19:26,Dinner,BK,"[('Salmon', 3), ('Shrimp', 3)]",285.0,-37.802436799999995,144.9800876,0,6.641,15.882626
ORDK06893,2018-09-17,16:37:10,Dinner,BK,"[('Pasta', 5), ('Shrimp', 5), ('Salmon', 8)]",735.5,-37.811347399999995,144.95156719999997,0,8.586,15.4443375
ORDA08679,2018-03-03,10:01:41,Breakfast,BK,"[('Cereal', 3), ('Eggs', 9), ('Coffee', 4), ('Pancake', 4)]",388.0,-37.82364329999999,144.98214199999998,0,6.81,13.8885955
ORDA10727,2018-08-28,15:56:37,Lunch,BK,"[('Burger', 1), ('Chicken', 4)]",159.0,-37.8117563,144.9635572,0,7.574,13.24327
ORDK06145,2018-06-10,13:14:21,Lunch,BK,"[('Salad', 6), ('Burger', 1), ('Steak', 6)]",404.2,-37.815019299999996,144.9451592,0,9.146,17.8276814
ORDX04151,2018-09-22,16:47:19,Dinner,BK,"[('Salmon', 3), ('Pasta', 8)]",343.0,-37.8081355,144.9731431,0,6.53,15.208604500000002
ORDA02505,2018-08-30,15:56:37,Lunch,BK,"[('Chicken', 6), ('Steak', 9), ('Salad', 6), ('Fries', 1)]",712.2,-37.8182633,144.95042560000002,0,8.967,14.7339695
ORDA05731,2018-04-16,11:22:49,Breakfast,BK,"[('Eggs', 7), ('Pancake', 4)]",251.0,-37.810236200000006,144.968798,0,7.032,11.912508099999998
ORDX02320,2018-11-01,18:08:27,Dinner,BK,"[('Pasta', 7), ('Shrimp', 2)]",300.5,-37.8256755,144.99792150000002,0,5.695,12.864683
ORDA00783,2018-02-22,09:41:24,Breakfast,BK,"[('Eggs', 1), ('Pancake', 8), ('Cereal', 6)]",342.0,-37.8156898,145.0068825,0,4.111000000000001,8.396779800000001
ORDK03591,2018-12-25,19:49:51,Dinner,BK,"[('Salmon', 4), ('Fish&Chips', 4), ('Shrimp', 7), ('Pasta', 3)]",764.5,-37.807161,144.96805559999999,0,6.984,13.8552027
ORDX00273,2018-12-20,19:39:43,Dinner,BK,"[('Shrimp', 9), ('Pasta', 4), ('Fish&Chips', 7)]",841.0,-37.8064775,144.9614999,0,7.563,14.6870059
ORDK10822,2018-06-09,13:14:21,Lunch,BK,"[('Chicken', 7), ('Burger', 9), ('Salad', 6), ('Steak', 5)]",831.2,-37.8256667,144.9580612,0,9.048,17.4398895
ORDA06966,2018-08-28,15:56:37,Lunch,BK,"[('Fries', 6), ('Salad', 9), ('Steak', 4), ('Burger', 5)]",561.8,-37.8163279,144.949857,0,9.082,14.8424707
ORDK05616,2018-04-22,11:43:05,Breakfast,BK,"[('Eggs', 7), ('Coffee', 5)]",191.5,-37.8174332,144.95264450000002,0,8.756,16.1705394
ORDX01686,2018-12-04,19:09:17,Dinner,BK,"[('Fish&Chips', 6), ('Shrimp', 9)]",696.0,-37.8137954,144.9827158,0,6.035,12.296698300000001
ORDK02015,2018-10-07,17:17:44,Dinner,BK,"[('Shrimp', 6), ('Pasta', 6)]",489.0,-37.8022208,144.9656789,0,7.675,16.4294914
ORDA00881,2018-01-09,08:10:08,Breakfast,BK,"[('Coffee', 2), ('Pancake', 2), ('Eggs', 6)]",195.5,-37.8042041,144.9815666,1,6.364,5.4484057
ORDA00976,2018-04-03,11:02:32,Breakfast,BK,"[('Cereal', 1), ('Eggs', 10), ('Pancake', 1)]",265.25,-37.803422499999996,144.9386034,0,10.158999999999999,15.2938258
ORDK00836,2018-04-04,11:02:32,Breakfast,BK,"[('Coffee', 4), ('Eggs', 9), ('Cereal', 1), ('Pancake', 7)]",418.75,-37.8070805,144.95971619999997,0,7.743,12.4636873
ORDK01338,2018-01-24,08:40:33,Breakfast,BK,"[('Cereal', 3), ('Pancake', 1), ('Eggs', 4)]",175.25,-37.808218100000005,145.00962880000003,0,3.64,7.9896341
ORDX04139,2018-08-19,15:36:20,Lunch,BK,"[('Steak', 6), ('Salad', 6), ('Burger', 9), ('Fries', 2)]",676.2,-37.8151881,144.96031619999997,0,8.013,16.5330877
ORDA00172,2018-04-04,11:02:32,Breakfast,BK,"[('Eggs', 6), ('Coffee', 2), ('Cereal', 3)]",210.0,-37.8094801,144.9479139,0,8.986,13.9127638
ORDX10095,2018-03-02,09:51:32,Breakfast,BK,"[('Cereal', 9), ('Coffee', 4), ('Eggs', 4), ('Pancake', 2)]",355.5,-37.8181423,144.99125990000002,0,5.681,10.2472508
ORDA04805,2018-11-12,18:28:43,Dinner,BK,"[('Salmon', 6), ('Shrimp', 10), ('Fish&Chips', 2), ('Pasta', 6)]",1021.0,-37.803621299999996,144.97865990000003,0,6.867999999999999,13.7577788
ORDX08697,2018-12-27,20:00:00,Dinner,BK,"[('Shrimp', 3), ('Pasta', 5)]",299.5,-37.81133079999999,144.96929340000003,0,7.062,14.394326500000002
ORDX10865,2018-10-12,17:27:53,Dinner,BK,"[('Fish&Chips', 7), ('Shrimp', 9), ('Pasta', 1)]",758.5,-37.8189898,144.963902,0,7.803999999999999,14.487569899999999
ORDX10430,2018-01-26,08:40:33,Breakfast,BK,"[('Coffee', 8), ('Pancake', 4), ('Cereal', 3), ('Eggs', 5)]",330.0,-37.7989318,144.98739740000002,0,6.316,11.3750758
ORDA02318,2018-03-21,10:32:06,Breakfast,BK,"[('Coffee', 9), ('Cereal', 8), ('Pancake', 2), ('Eggs', 10)]",504.0,-37.815918700000005,144.9610528,0,8.004,12.4375319
ORDX09917,2018-12-19,19:39:43,Dinner,BK,"[('Fish&Chips', 3), ('Shrimp', 9)]",591.0,-37.8211946,144.95491919999998,0,8.61,15.486460500000002
ORDX10403,2018-07-12,14:15:12,Lunch,BK,"[('Salad', 6), ('Chicken', 5), ('Steak', 7), ('Fries', 2)]",602.2,-37.811262899999996,144.97310259999998,0,6.7829999999999995,12.8875636
ORDX08438,2018-02-28,09:51:32,Breakfast,BK,"[('Cereal', 10), ('Coffee', 4), ('Pancake', 2), ('Eggs', 10)]",508.5,-37.8145067,144.99993519999998,0,4.486000000000001,8.3275909
ORDA03813,2018-07-09,14:15:12,Lunch,BK,"[('Burger', 7), ('Chicken', 2), ('Fries', 3), ('Steak', 8)]",677.0,-37.8206475,144.95396680000002,0,8.714,14.4132361
ORDA03053,2018-10-19,17:38:01,Dinner,BK,"[('Salmon', 7), ('Fish&Chips', 6), ('Shrimp', 8)]",929.0,-37.81808770000001,144.96688659999998,0,7.518,14.665146
ORDK07440,2018-12-02,19:09:17,Dinner,BK,"[('Fish&Chips', 8), ('Shrimp', 4)]",496.0,-37.8017559,144.9581055,0,8.372,17.837899
ORDA08313,2018-01-07,08:10:08,Breakfast,BK,"[('Eggs', 1), ('Cereal', 8), ('Pancake', 9)]",408.25,-37.812287700000006,144.9372642,1,10.242,8.4799352
ORDK09768,2018-12-13,19:29:34,Dinner,BK,"[('Pasta', 2), ('Salmon', 1), ('Shrimp', 4), ('Fish&Chips', 7)]",557.0,-37.8236871,144.95599199999998,0,8.772,15.624934099999999
ORDA10470,2018-04-17,11:32:57,Breakfast,BK,"[('Cereal', 8), ('Eggs', 8), ('Coffee', 5)]",381.5,-37.8135314,144.97406850000002,0,6.8229999999999995,11.759667
ORDK04597,2018-04-25,11:43:05,Breakfast,BK,"[('Pancake', 9), ('Cereal', 1), ('Coffee', 6), ('Eggs', 4)]",372.25,-37.806436700000006,144.9520099,0,8.501,12.8998171
ORDX01808,2018-12-28,20:00:00,Dinner,BK,"[('Salmon', 1), ('Shrimp', 4), ('Pasta', 3)]",339.5,-37.811693700000006,144.9720595,0,6.9,13.866160800000001
ORDK06675,2018-09-25,16:47:19,Dinner,BK,"[('Fish&Chips', 5), ('Shrimp', 10)]",715.0,-37.8210532,144.94753290000003,0,9.323,16.3402044
ORDX06287,2018-01-15,08:20:16,Breakfast,BK,"[('Coffee', 8), ('Cereal', 5), ('Pancake', 7)]",334.75,-37.8059414,144.99804609999998,1,4.7139999999999995,4.884208900000001
ORDK08455,2018-03-10,10:11:49,Breakfast,BK,"[('Eggs', 5), ('Pancake', 6)]",255.5,-37.823038700000005,144.9759409,0,7.386,14.215480900000001
ORDA07807,2018-12-05,19:09:17,Dinner,BK,"[('Fish&Chips', 8), ('Salmon', 9)]",649.0,-37.8187081,144.95533659999998,0,8.58,15.5612807
ORDX08765,2018-07-05,14:05:04,Lunch,BK,"[('Chicken', 3), ('Salad', 7)]",216.4,-37.8007919,144.9701024,0,7.455,13.053556
ORDK07540,2018-11-09,18:18:35,Dinner,BK,"[('Shrimp', 5), ('Pasta', 10), ('Salmon', 6)]",791.0,-37.803444,145.0109935,0,4.192,11.2747601
ORDK03642,2018-07-25,14:45:38,Lunch,BK,"[('Steak', 6), ('Burger', 5)]",425.0,-37.8117157,144.9565014,0,8.075,13.982306900000001
ORDA06023,2018-08-24,15:46:28,Lunch,BK,"[('Chicken', 8), ('Steak', 9), ('Salad', 10), ('Fries', 9), ('Burger', 6)]",1127.0,-37.81747070000001,144.9688721,0,7.767,13.7671941
ORDX03470,2018-04-03,11:02:32,Breakfast,BK,"[('Cereal', 1), ('Eggs', 2)]",65.0,-37.8122743,144.9890736,0,5.311,9.879926600000001
ORDX03318,2018-01-28,08:50:42,Breakfast,BK,"[('Eggs', 3), ('Coffee', 2), ('Cereal', 6), ('Pancake', 1)]",231.25,-37.8246362,144.9568396,0,8.836,16.4574522
ORDK08911,2018-06-01,12:54:05,Lunch,BK,"[('Steak', 1), ('Salad', 8), ('Chicken', 6)]",374.6,-37.802671999999994,144.9576366,0,8.1,13.9643889
ORDK09608,2018-05-12,12:13:31,Lunch,BK,"[('Burger', 4), ('Chicken', 7), ('Salad', 1)]",365.2,-37.80166079999999,144.9623741,0,7.943,16.612067
ORDK05748,2018-12-18,19:39:43,Dinner,BK,"[('Shrimp', 3), ('Fish&Chips', 2)]",232.0,-37.80897120000001,144.94920459999997,0,8.857000000000001,15.655177499999999
ORDA03922,2018-09-16,16:37:10,Dinner,BK,"[('Shrimp', 1), ('Fish&Chips', 8)]",334.0,-37.80773,144.97136,0,6.671,16.0908727
ORDX07437,2018-06-03,13:04:13,Lunch,BK,"[('Salad', 8), ('Steak', 5), ('Chicken', 7)]",586.6,-37.7996445,144.9700446,0,7.604,15.6090354
ORDK07322,2018-12-19,19:39:43,Dinner,BK,"[('Shrimp', 8), ('Fish&Chips', 2), ('Pasta', 8), ('Salmon', 3)]",845.0,-37.814871200000006,144.92715619999998,0,11.9,19.4330508
ORDK00202,2018-02-07,09:10:59,Breakfast,BK,"[('Pancake', 1), ('Coffee', 7), ('Cereal', 3)]",139.75,-37.8050396,144.9267227,0,10.853,15.972969599999999
ORDA02830,2018-06-11,13:14:21,Lunch,BK,"[('Salad', 1), ('Fries', 3), ('Steak', 7)]",368.2,-37.82412670000001,144.9473767,0,9.513,15.636275699999999
ORDX04533,2018-01-21,08:40:33,Breakfast,BK,"[('Coffee', 9), ('Pancake', 8)]",261.5,-37.803740600000005,144.9654287,0,7.507999999999999,14.8763214
ORDX08723,2018-05-02,11:53:14,Breakfast,BK,"[('Eggs', 2), ('Coffee', 8), ('Pancake', 10), ('Cereal', 8)]",514.5,-37.8097473,144.9727841,0,6.685,11.3613943
ORDA01157,2018-09-22,16:47:19,Dinner,BK,"[('Pasta', 2), ('Shrimp', 3), ('Salmon', 1), ('Fish&Chips', 10)]",608.0,-37.79983529999999,144.93632119999998,0,10.08,19.9013588
ORDK04399,2018-02-26,09:51:32,Breakfast,BK,"[('Pancake', 7), ('Cereal', 9), ('Coffee', 3)]",381.25,-37.814820399999995,144.9592124,0,11.258,16.5798078
ORDA02676,2018-03-08,10:11:49,Breakfast,BK,"[('Pancake', 6), ('Cereal', 9), ('Eggs', 9), ('Coffee', 6)]",577.5,-37.8080773,144.9729993,0,6.54,11.5582751
ORDK01849,2018-07-08,14:15:12,Lunch,BK,"[('Chicken', 4), ('Steak', 5), ('Burger', 4), ('Salad', 3)]",528.6,-37.80844570000001,144.9767849,0,6.212999999999999,14.8400223
ORDK09478,2018-10-23,17:48:10,Dinner,BK,"[('Shrimp', 2), ('Fish&Chips', 1), ('Salmon', 3)]",266.0,-37.8197221,144.97038,0,7.846,15.024927100000001
ORDK00780,2018-01-14,08:20:16,Breakfast,BK,"[('Cereal', 7), ('Pancake', 2), ('Eggs', 2), ('Coffee', 6)]",284.5,-37.8025592,144.9456,1,9.09,8.4348778
ORDA07924,2018-11-06,18:18:35,Dinner,BK,"[('Salmon', 1), ('Fish&Chips', 8), ('Shrimp', 6), ('Pasta', 7)]",837.5,-37.8151864,144.9637397,0,7.745,14.734860000000001
ORDK02683,2018-06-25,13:44:47,Lunch,BK,"[('Salad', 4), ('Chicken', 4)]",196.8,-37.8243547,144.9845334,0,6.8629999999999995,12.0237791
ORDX07243,2018-10-05,17:07:36,Dinner,BK,"[('Shrimp', 10), ('Pasta', 5), ('Salmon', 3)]",800.5,-37.8096182,144.9638842,0,7.382000000000001,14.392470800000002
ORDK00017,2018-01-18,08:30:25,Breakfast,BK,"[('Coffee', 10), ('Cereal', 4), ('Pancake', 4), ('Eggs', 2)]",300.0,-37.812071,145.0156606,1,4.465,4.2240225
ORDX03657,2018-03-17,10:21:58,Breakfast,BK,"[('Coffee', 6), ('Pancake', 1), ('Cereal', 2)]",111.25,-37.8077086,144.9713827,0,6.675,14.4518973
ORDX02618,2018-10-09,17:17:44,Dinner,BK,"[('Salmon', 7), ('Fish&Chips', 2), ('Shrimp', 3)]",519.0,-37.8122096,144.9523897,0,8.577,15.357994199999998
ORDK09178,2018-12-16,19:29:34,Dinner,BK,"[('Pasta', 5), ('Salmon', 2), ('Shrimp', 1), ('Fish&Chips', 6)]",483.5,-37.824378700000004,144.9441878,0,9.838,19.705975
ORDK01953,2018-06-24,13:44:47,Lunch,BK,"[('Fries', 10), ('Steak', 3), ('Chicken', 1), ('Burger', 3)]",380.0,-37.807151899999994,144.9880175,0,5.473,13.641983499999998
ORDX07377,2018-08-23,15:46:28,Lunch,BK,"[('Fries', 1), ('Steak', 7), ('Chicken', 9)]",615.0,-37.823147,144.98825449999998,0,6.3260000000000005,12.5165911
ORDA05680,2018-05-07,12:03:22,Lunch,BK,"[('Steak', 3), ('Burger', 9)]",414.0,-37.8157766,144.99506019999998,0,5.01,10.9915695
ORDX08123,2018-05-28,12:54:05,Lunch,BK,"[('Chicken', 7), ('Steak', 2)]",314.0,-37.8197321,144.9467771,0,9.479,15.114665200000001
ORDK07835,2018-03-15,10:21:58,Breakfast,BK,"[('Coffee', 5), ('Eggs', 9)]",235.5,-37.81875,144.983448,0,6.4110000000000005,11.1205244
ORDA10895,2018-09-30,16:57:27,Dinner,BK,"[('Salmon', 6), ('Shrimp', 6), ('Pasta', 6)]",735.0,-37.8125168,144.97400969999998,0,6.829,15.756205300000001
ORDK00545,2018-05-20,12:33:48,Lunch,BK,"[('Steak', 7), ('Fries', 1)]",327.0,-37.801128000000006,144.95511530000002,0,8.488,17.0827374
ORDX06427,2018-11-11,18:28:43,Dinner,BK,"[('Pasta', 9), ('Fish&Chips', 2)]",317.5,-37.8032689,144.9612687,0,7.867999999999999,17.1771212
ORDK04572,2018-12-12,19:29:34,Dinner,BK,"[('Fish&Chips', 7), ('Shrimp', 7)]",623.0,-37.8141043,144.96415819999999,0,7.655,14.0893428
ORDK05170,2018-12-11,19:19:26,Dinner,BK,"[('Salmon', 2), ('Shrimp', 8), ('Pasta', 8)]",734.0,-37.812896200000004,144.9733495,0,6.8870000000000005,14.042899900000002
ORDK07883,2018-10-19,17:38:01,Dinner,BK,"[('Shrimp', 1), ('Salmon', 5)]",259.0,-37.8169255,144.9654367,0,7.614,13.9946857
ORDA03470,2018-08-08,15:16:03,Lunch,BK,"[('Fries', 10), ('Salad', 10), ('Steak', 4), ('Chicken', 8), ('Burger', 2)]",790.0,-37.7996134,144.96067419999997,0,8.31,14.0852339
ORDK11096,2018-03-08,10:11:49,Breakfast,BK,"[('Coffee', 4), ('Pancake', 1), ('Eggs', 7)]",208.25,-37.8116652,144.98445619999998,0,5.671,9.9547972
ORDX10883,2018-11-12,18:28:43,Dinner,BK,"[('Pasta', 4), ('Fish&Chips', 6), ('Salmon', 9)]",689.0,-37.813629,144.9573836,0,8.116,14.9029013
ORDK05353,2018-03-26,10:42:15,Breakfast,BK,"[('Coffee', 3), ('Cereal', 4), ('Pancake', 1), ('Eggs', 6)]",262.75,-37.8041039,144.9738665,0,6.898,11.983931199999999
ORDA11003,2018-02-01,09:00:50,Breakfast,BK,"[('Cereal', 4), ('Coffee', 4)]",114.0,-37.8208816,144.95499109999997,0,8.601,13.741536100000001
ORDA00557,2018-06-03,13:04:13,Lunch,BK,"[('Burger', 7), ('Chicken', 8)]",473.0,-37.8012914,144.9791324,0,6.801,15.4679098
ORDA02447,2018-06-29,13:54:55,Lunch,BK,"[('Fries', 9), ('Salad', 5), ('Steak', 6), ('Chicken', 7), ('Burger', 9)]",967.0,-37.8045689,144.9312528,0,10.722000000000001,17.125052
ORDA07383,2018-04-22,11:32:57,Breakfast,BK,"[('Coffee', 2), ('Eggs', 3)]",81.0,-37.819066299999996,144.9517842,0,8.935,16.337177800000003
ORDA02916,2018-04-01,10:52:23,Breakfast,BK,"[('Cereal', 3), ('Eggs', 7), ('Pancake', 6), ('Coffee', 10)]",437.5,-37.800751700000006,145.00220009999998,0,5.048,12.2594885
ORDK04969,2018-10-10,17:17:44,Dinner,BK,"[('Shrimp', 3), ('Fish&Chips', 5), ('Pasta', 7), ('Salmon', 8)]",857.5,-37.8128968,144.95189150000002,0,8.618,14.8652739
ORDA05740,2018-02-04,09:00:50,Breakfast,BK,"[('Cereal', 1), ('Eggs', 1), ('Coffee', 3), ('Pancake', 2)]",114.0,-37.816690799999996,144.9906897,0,5.526,13.3051482
ORDA01112,2018-07-31,14:55:46,Lunch,BK,"[('Chicken', 1), ('Steak', 4), ('Burger', 4), ('Salad', 1)]",353.2,-37.8081941,144.9998632,0,4.393,9.982579800000002
ORDA03445,2018-08-20,15:36:20,Lunch,BK,"[('Steak', 7), ('Burger', 3), ('Salad', 8)]",545.6,-37.804107,144.9483779,0,8.861,15.022599
ORDX08582,2018-09-08,16:16:54,Dinner,BK,"[('Salmon', 2), ('Pasta', 3), ('Fish&Chips', 3)]",269.5,-37.8209853,144.9767008,0,7.257000000000001,16.5049749
ORDK00766,2018-04-19,11:32:57,Breakfast,BK,"[('Pancake', 5), ('Coffee', 8), ('Cereal', 8), ('Eggs', 3)]",415.25,-37.8160032,144.9724791,0,6.941,11.6250132
ORDK10874,2018-01-20,08:30:25,Breakfast,BK,"[('Cereal', 2), ('Pancake', 9), ('Coffee', 10), ('Eggs', 3)]",401.25,-37.8146424,144.9466024,0,9.008,16.5555371
ORDA03016,2018-01-10,08:10:08,Breakfast,BK,"[('Cereal', 9), ('Coffee', 1)]",196.5,-37.8003125,144.9519537,1,8.687000000000001,7.1883239
ORDK00134,2018-03-03,10:01:41,Breakfast,BK,"[('Cereal', 6), ('Coffee', 9), ('Pancake', 2)]",242.0,-37.82369310000001,144.9306191,0,11.866,19.7688133
ORDX03152,2018-06-30,13:54:55,Lunch,BK,"[('Fries', 2), ('Chicken', 8), ('Burger', 2), ('Salad', 3)]",393.6,-37.8169077,144.9520437,0,10.201,18.841883199999998
ORDA05372,2018-06-13,13:24:30,Lunch,BK,"[('Steak', 7), ('Burger', 4), ('Fries', 4)]",487.0,-37.80107720000001,144.97231010000002,0,7.305,13.2502326
ORDA05176,2018-06-13,13:24:30,Lunch,BK,"[('Fries', 10), ('Steak', 4), ('Salad', 6), ('Chicken', 2), ('Burger', 9)]",746.2,-37.8260709,145.01701440000002,0,5.1739999999999995,10.790846
ORDK02105,2018-06-18,13:34:38,Lunch,BK,"[('Fries', 1), ('Burger', 1), ('Chicken', 7), ('Salad', 10), ('Steak', 10)]",889.0,-37.8227361,145.01525759999998,0,4.79,10.2978776
ORDK07227,2018-10-02,17:07:36,Dinner,BK,"[('Shrimp', 2), ('Salmon', 6)]",354.0,-37.8038953,144.9617879,0,7.766,14.6914318
ORDX00331,2018-06-01,12:54:05,Lunch,BK,"[('Steak', 10), ('Burger', 9), ('Fries', 8), ('Chicken', 9), ('Salad', 6)]",1216.2,-37.80636079999999,144.98653280000002,0,5.678,11.2220216
ORDA01145,2018-11-16,18:38:52,Dinner,BK,"[('Shrimp', 10), ('Fish&Chips', 9), ('Salmon', 1)]",896.0,-37.8189555,144.9618262,0,8.113,15.122404000000001
ORDX10733,2018-05-10,12:13:31,Lunch,BK,"[('Burger', 1), ('Fries', 8), ('Salad', 10), ('Chicken', 8), ('Steak', 7)]",870.0,-37.8243707,144.94256299999998,0,9.925,16.1039617
ORDX01168,2018-05-20,12:33:48,Lunch,BK,"[('Fries', 3), ('Burger', 7)]",253.0,-37.8019672,144.9573099,0,8.184,17.033508899999998
ORDK00854,2018-12-25,19:49:51,Dinner,BK,"[('Fish&Chips', 5), ('Shrimp', 9), ('Salmon', 6)]",907.0,-37.8220125,144.96947649999998,0,7.916,14.859380400000001
ORDK05169,2018-04-21,11:32:57,Breakfast,BK,"[('Coffee', 4), ('Pancake', 9), ('Cereal', 6), ('Eggs', 4)]",462.25,-37.8189345,144.95309699999999,0,8.815,16.361328099999998
ORDX06191,2018-04-28,11:53:14,Breakfast,BK,"[('Coffee', 6), ('Eggs', 5)]",155.0,-37.8232929,144.9686085,0,8.107,15.8694348
ORDX03711,2018-08-12,15:26:11,Lunch,BK,"[('Steak', 4), ('Burger', 3)]",273.0,-37.813309100000005,144.96485900000002,0,7.587999999999999,15.8087916
ORDX09902,2018-10-24,17:48:10,Dinner,BK,"[('Salmon', 6), ('Fish&Chips', 5)]",421.0,-37.8204759,144.96644519999998,0,7.9239999999999995,14.7839394
ORDX03927,2018-11-13,18:28:43,Dinner,BK,"[('Salmon', 9), ('Fish&Chips', 6), ('Shrimp', 6)]",903.0,-37.804152200000004,144.9624688,0,7.681,14.247823
ORDK11086,2018-08-13,15:26:11,Lunch,BK,"[('Fries', 7), ('Salad', 1), ('Steak', 5), ('Chicken', 6)]",518.2,-37.79955820000001,144.96288710000002,0,8.142999999999999,14.5210459
ORDX01891,2018-06-11,13:14:21,Lunch,BK,"[('Steak', 9), ('Salad', 3), ('Burger', 10), ('Chicken', 7)]",990.6,-37.823978600000004,144.9438523,0,9.884,15.8715429
ORDA05907,2018-06-29,13:54:55,Lunch,BK,"[('Salad', 2), ('Steak', 9), ('Burger', 7), ('Fries', 7), ('Chicken', 5)]",900.4,-37.8044169,144.9295844,0,10.574000000000002,16.688179
ORDK08857,2018-05-19,12:33:48,Lunch,BK,"[('Burger', 7), ('Chicken', 7), ('Fries', 6), ('Steak', 9), ('Salad', 5)]",1004.0,-37.803976399999996,144.95749809999998,0,8.008,15.959370999999999
ORDX02755,2018-12-31,20:00:00,Dinner,BK,"[('Salmon', 1), ('Fish&Chips', 5), ('Pasta', 1)]",243.5,-37.821075,144.9694435,0,7.7989999999999995,15.000844
ORDK11110,2018-06-29,13:54:55,Lunch,BK,"[('Chicken', 5), ('Steak', 9), ('Burger', 9)]",844.0,-37.8269626,144.9829125,0,8.242,14.475664800000002
ORDK08655,2018-12-11,19:19:26,Dinner,BK,"[('Pasta', 9), ('Shrimp', 4), ('Salmon', 6), ('Fish&Chips', 3)]",814.5,-37.8207343,144.94882090000002,0,9.202,16.6660614
ORDK03008,2018-04-26,11:43:05,Breakfast,BK,"[('Cereal', 1), ('Pancake', 5), ('Eggs', 9)]",340.25,-37.818551299999996,144.9657084,0,7.715,12.8877052
ORDA05586,2018-12-20,19:39:43,Dinner,BK,"[('Salmon', 1), ('Fish&Chips', 8)]",321.0,-37.815357500000005,144.936667,0,10.085,16.7998468
ORDK00442,2018-01-16,08:30:25,Breakfast,BK,"[('Coffee', 7), ('Pancake', 8), ('Cereal', 1)]",267.5,-37.8178255,144.9673506,1,7.475,5.8359878
ORDA07398,2018-10-17,17:38:01,Dinner,BK,"[('Shrimp', 10), ('Fish&Chips', 1), ('Salmon', 8)]",903.0,-37.824687100000006,145.0058273,0,4.923,11.2898601
ORDK07032,2018-03-24,10:42:15,Breakfast,BK,"[('Eggs', 4), ('Cereal', 8), ('Coffee', 2), ('Pancake', 3)]",343.75,-37.8123572,144.9540342,0,8.311,15.9149867
ORDK08856,2018-02-18,09:31:16,Breakfast,BK,"[('Pancake', 7), ('Cereal', 8), ('Coffee', 6), ('Eggs', 1)]",404.75,-37.8074441,144.9578204,0,8.02,16.1123839
ORDA07408,2018-03-29,10:52:23,Breakfast,BK,"[('Coffee', 1), ('Eggs', 5), ('Cereal', 8)]",285.5,-37.8164343,144.96530769999998,0,7.662999999999999,12.790341999999999
ORDX06134,2018-10-27,17:58:18,Dinner,BK,"[('Fish&Chips', 7), ('Salmon', 6), ('Shrimp', 10), ('Pasta', 3)]",1113.5,-37.8204865,144.9659114,0,7.996,17.160141600000003
ORDA11024,2018-01-20,08:30:25,Breakfast,BK,"[('Coffee', 10), ('Cereal', 9)]",264.0,-37.8063494,144.9590321,0,7.801,14.8702125
ORDX03481,2018-03-17,10:21:58,Breakfast,BK,"[('Cereal', 3), ('Pancake', 7), ('Eggs', 3), ('Coffee', 10)]",373.75,-37.8074428,144.9713623,0,6.699,14.0514563
ORDK10396,2018-06-28,13:54:55,Lunch,BK,"[('Salad', 3), ('Fries', 9), ('Chicken', 3), ('Burger', 7)]",472.6,-37.8129206,144.9913125,0,5.191,10.1228212
ORDK10294,2018-11-03,18:08:27,Dinner,BK,"[('Shrimp', 5), ('Salmon', 3)]",393.0,-37.8111309,144.952352,0,8.511000000000001,17.4645337
ORDX03328,2018-01-18,08:30:25,Breakfast,BK,"[('Eggs', 7), ('Cereal', 2), ('Pancake', 5)]",317.25,-37.8138028,145.0142999,1,4.47,4.5250677
ORDK02944,2018-12-25,19:49:51,Dinner,BK,"[('Salmon', 1), ('Shrimp', 2), ('Pasta', 10), ('Fish&Chips', 1)]",459.0,-37.82546729999999,144.95630400000002,0,8.917,16.077269
ORDK02257,2018-02-11,09:21:07,Breakfast,BK,"[('Pancake', 7), ('Eggs', 6), ('Coffee', 1)]",309.25,-37.813092100000006,144.9708751,0,7.061,14.7275033
ORDA00214,2018-02-09,09:10:59,Breakfast,BK,"[('Coffee', 1), ('Pancake', 7), ('Eggs', 3)]",243.25,-37.799308,144.95924140000002,0,8.43,12.926675300000001
ORDX06374,2018-09-23,16:47:19,Dinner,BK,"[('Fish&Chips', 8), ('Pasta', 2)]",335.0,-37.799403399999996,144.99843280000002,0,5.492000000000001,14.4910358
ORDA08349,2018-03-16,10:21:58,Breakfast,BK,"[('Cereal', 10), ('Coffee', 2)]",225.0,-37.8192601,144.9575378,0,8.371,13.420194400000002
ORDX03851,2018-01-26,08:40:33,Breakfast,BK,"[('Eggs', 2), ('Cereal', 8), ('Coffee', 7), ('Pancake', 3)]",337.25,-37.8253735,144.9952678,0,5.912000000000001,10.531091
ORDK07273,2018-07-16,14:25:21,Lunch,BK,"[('Steak', 5), ('Chicken', 3), ('Salad', 4), ('Fries', 6), ('Burger', 8)]",709.8,-37.8141249,144.9724314,0,6.957000000000001,12.821570800000002
ORDK10684,2018-08-05,15:05:54,Lunch,BK,"[('Steak', 6), ('Burger', 8)]",518.0,-37.8132864,144.9514763,0,8.556000000000001,17.269521899999997
ORDA06960,2018-10-21,17:38:01,Dinner,BK,"[('Salmon', 5), ('Shrimp', 4), ('Pasta', 3)]",503.5,-37.8022126,144.9656007,0,7.667999999999999,17.0208399
ORDK05652,2018-04-16,11:22:49,Breakfast,BK,"[('Pancake', 4), ('Eggs', 3)]",163.0,-37.812598,144.9607454,0,7.797999999999999,12.885391199999999
ORDY06940,2018-04-23,11:43:05,Breakfast,TP,"[('Coffee', 2), ('Eggs', 4), ('Pancake', 10)]",345.5,-37.8186803,144.9531871,0,8.536,11.274727572537937
ORDB00245,2018-07-12,14:15:12,Lunch,TP,"[('Chicken', 5), ('Burger', 4)]",284.0,-37.8168733,145.00726609999998,0,11.442,14.441810576928233
ORDJ01836,2018-11-23,18:49:00,Dinner,TP,"[('Pasta', 9), ('Shrimp', 10), ('Fish&Chips', 6)]",997.5,-37.805581700000005,144.9450804,0,10.058,14.021234698190822
ORDB10384,2018-10-28,17:58:18,Dinner,TP,"[('Salmon', 8), ('Pasta', 7), ('Shrimp', 10)]",1060.5,-37.809633700000006,144.947356,0,9.721,15.215835468106949
ORDB04588,2018-08-15,15:26:11,Lunch,TP,"[('Chicken', 1), ('Salad', 3), ('Fries', 7), ('Burger', 2), ('Steak', 9)]",634.6,-37.8081096,144.9768225,0,9.306000000000001,12.655507692461851
ORDY10953,2018-03-30,10:52:23,Breakfast,TP,"[('Eggs', 10), ('Pancake', 7), ('Cereal', 7)]",536.75,-37.81418529999999,144.9632217,0,8.017999999999999,10.8415323973724
ORDB06750,2018-05-27,12:43:56,Lunch,TP,"[('Burger', 2), ('Salad', 2)]",96.4,-37.8233376,144.9791279,0,8.352,13.334121159140263
ORDB00500,2018-06-30,13:54:55,Lunch,TP,"[('Chicken', 3), ('Fries', 1), ('Steak', 6), ('Salad', 3)]",429.6,-37.805604100000004,144.95362,0,9.399,14.209710634812687
ORDB03079,2018-01-13,08:20:16,Breakfast,TP,"[('Eggs', 8), ('Cereal', 8)]",344.0,-37.8160065,144.938349,1,10.36,7.138269164984488
ORDJ02616,2018-09-05,16:06:45,Dinner,TP,"[('Salmon', 1), ('Pasta', 5), ('Shrimp', 10), ('Fish&Chips', 10)]",1068.5,-37.814988799999995,144.92745530000002,0,11.817,15.492258468685376
ORDY01608,2018-11-11,18:28:43,Dinner,TP,"[('Fish&Chips', 5), ('Shrimp', 1), ('Pasta', 2)]",284.0,-37.8152749,144.94467340000003,0,9.596,15.1112999528643
ORDB01235,2018-08-08,15:16:03,Lunch,TP,"[('Salad', 3), ('Chicken', 2), ('Steak', 5), ('Fries', 2)]",364.6,-37.811808299999996,144.9557773,0,8.717,12.162936344638489
ORDJ05838,2018-01-17,08:30:25,Breakfast,TP,"[('Cereal', 8), ('Eggs', 2), ('Coffee', 9)]",279.5,-37.8063677,144.9581344,1,9.094,5.87068705629056
ORDY05710,2018-08-18,15:36:20,Lunch,TP,"[('Burger', 6), ('Steak', 2), ('Salad', 10)]",448.0,-37.812392200000005,144.9698729,0,8.579,13.523957654820913
ORDB05727,2018-02-10,09:21:07,Breakfast,TP,"[('Coffee', 4), ('Cereal', 9), ('Pancake', 5)]",340.25,-37.8070359,144.9660046,0,9.08,13.206094653884254
ORDB04207,2018-05-07,12:03:22,Lunch,TP,"[('Salad', 8), ('Burger', 8)]",385.6,-37.8073136,144.9556261,0,9.171,12.542609335999789
ORDJ10270,2018-04-04,11:02:32,Breakfast,TP,"[('Coffee', 8), ('Eggs', 1), ('Pancake', 8)]",276.0,-37.7984351,144.986345,0,11.035,13.364601593268972
ORDC05543,2018-09-08,16:16:54,Dinner,NS,"[('Shrimp', 8), ('Fish&Chips', 8)]",712.0,-37.8229191,144.9553496,0,9.568999999999999,17.58131606057865
ORDZ08482,2018-05-27,12:43:56,Lunch,NS,"[('Salad', 3), ('Burger', 4)]",175.6,-37.8146496,144.994006,0,9.394,16.90891678892766
ORDI06849,2018-11-24,18:49:00,Dinner,NS,"[('Pasta', 8), ('Shrimp', 2), ('Fish&Chips', 6)]",538.0,-37.814470899999996,144.9381655,0,9.789,17.801033571431162
ORDZ03820,2018-03-18,10:32:06,Breakfast,NS,"[('Cereal', 6), ('Pancake', 8)]",320.0,-37.8094745,144.9720174,0,7.2,14.220109997225695
ORDC09784,2018-03-24,10:42:15,Breakfast,NS,"[('Eggs', 1), ('Cereal', 8), ('Pancake', 6)]",335.5,-37.8199013,145.01220780000003,0,11.216,18.230953286242382
ORDI10604,2018-07-27,14:45:38,Lunch,NS,"[('Fries', 6), ('Burger', 8), ('Chicken', 2)]",384.0,-37.800822,144.9689705,0,6.331,11.788070377334403
ORDZ05986,2018-07-17,14:25:21,Lunch,NS,"[('Salad', 1), ('Steak', 7), ('Fries', 7), ('Burger', 7)]",633.2,-37.80124970000001,144.9806273,0,7.103,12.55907909723502
ORDI06969,2018-05-30,12:54:05,Lunch,NS,"[('Chicken', 10), ('Salad', 1), ('Burger', 9), ('Steak', 6)]",886.2,-37.817288899999994,144.95259919999998,0,9.027999999999999,14.481607317194463
ORDI00424,2018-11-19,18:38:52,Dinner,NS,"[('Pasta', 7), ('Salmon', 8), ('Fish&Chips', 1), ('Shrimp', 4)]",771.5,-37.8115151,145.0059353,0,10.015,15.964963947082897
ORDI08694,2018-12-13,19:29:34,Dinner,NS,"[('Pasta', 5), ('Salmon', 3), ('Fish&Chips', 7), ('Shrimp', 4)]",721.5,-37.8000781,145.01048909999997,0,9.977,15.927012740662917
ORDC04497,2018-01-28,08:50:42,Breakfast,NS,"[('Cereal', 3), ('Pancake', 9), ('Eggs', 7)]",435.25,-37.8173377,144.9602763,0,8.638,15.656263545434362
ORDC03441,2018-06-22,13:44:47,Lunch,NS,"[('Salad', 6), ('Burger', 10), ('Steak', 1)]",458.2,-37.8110215,145.015575,0,11.15,16.600882580962747
ORDI06204,2018-10-29,17:58:18,Dinner,NS,"[('Shrimp', 8), ('Salmon', 5)]",637.0,-37.8215904,144.99403030000002,0,9.869,15.819151417153504
ORDZ10516,2018-10-22,17:48:10,Dinner,NS,"[('Pasta', 1), ('Fish&Chips', 5)]",202.5,-37.8199186,144.9824704,0,9.03,14.981228728038712
ORDZ01841,2018-03-09,10:11:49,Breakfast,NS,"[('Cereal', 6), ('Eggs', 9), ('Pancake', 3)]",396.75,-37.813691,144.9664886,0,7.841,12.798507495621935
ORDA01298,2018-08-23,15:46:28,Lunch,BK,"[('Burger', 8), ('Fries', 2), ('Chicken', 8), ('Salad', 9), ('Steak', 8)]",1042.8,-37.8201628,144.9686638,0,7.694,13.549826398154819
ORDX01829,2018-10-11,17:17:44,Dinner,BK,"[('Shrimp', 4), ('Salmon', 9), ('Fish&Chips', 5), ('Pasta', 7)]",952.5,-37.812095299999996,144.9534154,0,8.426,15.346388911942105
ORDA04456,2018-11-24,18:49:00,Dinner,BK,"[('Salmon', 3), ('Shrimp', 10), ('Fish&Chips', 10), ('Pasta', 5)]",1150.5,-37.8256878,144.99790009999998,0,5.699,14.92252735572388
ORDA00544,2018-06-19,13:34:38,Lunch,BK,"[('Steak', 9), ('Fries', 8)]",501.0,-37.8180833,144.9614655,0,7.995,13.876849947041295
ORDA03532,2018-03-12,10:11:49,Breakfast,BK,"[('Cereal', 7), ('Pancake', 9), ('Eggs', 10), ('Coffee', 6)]",630.25,-37.814929799999994,144.9998555,0,4.534,9.115346353814843
ORDA00077,2018-12-29,20:00:00,Dinner,BK,"[('Salmon', 5), ('Shrimp', 4), ('Pasta', 7), ('Fish&Chips', 4)]",753.5,-37.7965549,145.00944209999997,0,5.407,14.605281919594807
ORDA07024,2018-01-19,08:30:25,Breakfast,BK,"[('Cereal', 4), ('Pancake', 5)]",205.25,-37.8008798,144.98576819999997,0,6.256,10.98622526139793
ORDA07043,2018-05-24,12:43:56,Lunch,BK,"[('Steak', 5), ('Fries', 6), ('Chicken', 4)]",425.0,-37.822927299999996,144.9808521,0,6.982,12.776269033346948
ORDA05934,2018-03-30,10:52:23,Breakfast,BK,"[('Eggs', 4), ('Coffee', 2), ('Pancake', 1)]",127.25,-37.812325799999996,144.9622684,0,7.669,12.521388964310184
ORDK08475,2018-03-18,10:32:06,Breakfast,BK,"[('Pancake', 2), ('Coffee', 5), ('Cereal', 8)]",254.0,-37.8128255,144.9738022,0,6.8229999999999995,14.14115297438916
ORDK02245,2018-01-07,08:10:08,Breakfast,BK,"[('Eggs', 7), ('Pancake', 9), ('Cereal', 1), ('Coffee', 1)]",400.75,-37.8133334,144.9375814,1,10.13,8.8670330921241
ORDK09464,2018-08-01,14:55:46,Lunch,BK,"[('Burger', 8), ('Fries', 8), ('Salad', 3), ('Steak', 10), ('Chicken', 7)]",1069.6,-37.8070767,144.9487011,0,8.812999999999999,14.765571750991912
ORDK03655,2018-06-26,13:44:47,Lunch,BK,"[('Burger', 2), ('Steak', 3), ('Fries', 7)]",281.0,-37.8252138,144.98471980000002,0,6.912999999999999,12.701303502206857
ORDA05042,2018-08-13,15:26:11,Lunch,BK,"[('Salad', 10), ('Fries', 1), ('Chicken', 1)]",216.0,-37.799997399999995,144.963181,0,8.084,13.973544617642277
ORDA05169,2018-07-17,14:25:21,Lunch,BK,"[('Burger', 9), ('Steak', 3), ('Fries', 7), ('Chicken', 6)]",690.0,-37.816983799999996,144.977853,0,6.7829999999999995,12.560064095711038
ORDA05640,2018-08-18,15:36:20,Lunch,BK,"[('Salad', 8), ('Steak', 8)]",497.6,-37.8037125,144.963473,0,7.648,16.03875598666961
ORDK08212,2018-09-25,16:47:19,Dinner,BK,"[('Fish&Chips', 1), ('Pasta', 4)]",145.0,-37.79912589999999,144.9602851,0,8.469,15.39310656178303
ORDK04816,2018-11-16,18:38:52,Dinner,BK,"[('Shrimp', 4), ('Salmon', 4), ('Pasta', 1)]",407.5,-37.806564200000004,144.9474374,0,8.897,15.85811014624619
